Word;POS;Tag
President;NNP;per
Karzai;NNP;per
NATO;NNP;org
Afghan;JJ;gpe
British;NNP;org
General;NNP;org
David;NNP;per
Richards;NNP;per
Afghanistan;NNP;geo
July;NNP;time
Burma;NNP;geo
Minister;NNP;per
Khin;NNP;per
Nyunt;NNP;per
Sunday;NNP;time
October;NNP;time
Thura;NNP;org
Shwe;NNP;org
Mahn;NNP;org
Soe;NNP;org
Win;NNP;org
Afghanistan;NNP;time
Joint;NNP;org
Coordination;NNP;org
Monitoring;NNP;org
Board;NNP;org
Monday;NNP;time
United;NNP;org
Nations;NNPS;org
Taleban;NNP;org
Bermel;NNP;geo
Paktika;NNP;geo
Kabul;NNP;org
Indian;JJ;gpe
Pakistani;JJ;gpe
Punjab;NNP;geo
Saturday;NNP;time
Mogadishu;NNP;geo
Wednesday;NNP;time
Somali;JJ;gpe
Iraqi;JJ;gpe
Mosul;NNP;geo
Qaida;NNP;org
Iraq;NNP;org
Sunni;NNP;geo
Arab;NNP;geo
Kurdish;NNP;geo
U.S.;NNP;gpe
American;JJ;gpe
Anbar;NNP;geo
Baghdad;NNP;geo
Sunni;NNP;org
Egyptian;JJ;gpe
Muslim;NNP;org
Brotherhood;NNP;org
Friday;NNP;time
Alexandria;NNP;geo
Pakistan;NNP;geo
North;NNP;geo
West;NNP;geo
Frontier;NNP;geo
Province;NNP;geo
Mutahida;NNP;org
Majlis-e-Amal;NNP;org
Thursday;NNP;time
British;JJ;gpe
Islam;NNP;org
Prophet;NNP;per
Muhammad;NNP;per
Bedfordshire;NNP;gpe
Tuesday;NNP;time
Omar;NNP;per
Khayam;NNP;per
Bedford;NNP;geo
Home;NNP;org
Office;NNP;org
Associated;NNP;org
Press;NNP;org
AP;NNP;org
Malik;NNP;per
Faridullah;NNP;per
Khan;NNP;per
South;NNP;geo
Waziristan;NNP;geo
Kani;NNP;geo
Wam;NNP;geo
Pakistan;NNP;gpe
United;NNP;gpe
States;NNPS;gpe
Abdul;NNP;per
Qadeer;NNP;per
Iran;NNP;gpe
Libya;NNP;gpe
North;NNP;gpe
Korea;NNP;gpe
Washington;NNP;geo
Islamabad;NNP;geo
Army;NNP;org
Halliburton;NNP;org
Iraq;NNP;geo
Asia;NNP;org
Pacific;NNP;org
Economic;NNP;org
Cooperation;NNP;org
Business;NNP;org
Advisory;NNP;org
Council;NNP;org
APEC;NNP;org
September;NNP;time
VOA;NNP;org
Nancy-Amelia;NNP;per
Collins;NNP;per
Sydney;NNP;geo
World;NNP;org
Trade;NNP;org
Organization;NNP;org
ABAC;NNP;org
Tim;NNP;per
Harcourt;NNP;per
Australian;NNP;org
Commission;NNP;org
Sudan;NNP;gpe
Darfur;NNP;geo
Foreign;NNP;per
Mustafa;NNP;per
Osman;NNP;per
Ismail;NNP;per
Sudanese;JJ;gpe
April;NNP;time
Mr.;NNP;per
African;NNP;org
Union;NNP;org
Khartoum;NNP;geo
AU;NNP;org
Labado;NNP;geo
Khartoum;NNP;gpe
Indonesian;JJ;gpe
Bali;NNP;geo
Java;NNP;geo
Australian;JJ;gpe
French;JJ;gpe
Cholily;NNP;per
Indonesia;NNP;geo
Azahari;NNP;per
Husin;NNP;per
Roman;NNP;org
Catholic;NNP;org
Somalia;NNP;geo
Pope;NNP;per
Benedict;NNP;per
Sister;NNP;per
Leonella;NNP;per
Sgorbati;NNP;per
Rome;NNP;geo
Vatican;NNP;org
Byzantine;NNP;per
Muhammed;NNP;per
Orakzai;NNP;geo
Taliban;NNP;org
Kurram;NNP;geo
U.S.;NNP;org
Uruzgan;NNP;geo
Mazar-e-Sharif;NNP;geo
Russian;JJ;gpe
Moscow;NNP;geo
Russia;NNP;geo
Itar-Tass;NNP;org
Baltic;JJ;geo
Lithuania;NNP;geo
Latvia;NNP;geo
Estonia;NNP;geo
Vietnam;NNP;geo
Vietnamese;JJ;gpe
Ninh;NNP;gpe
Binh;NNP;gpe
Health;NNP;org
Ethiopian;JJ;gpe
Defense;NNP;org
Ministry;NNP;org
Ethiopia;NNP;gpe
December;NNP;time
Somalia;NNP;gpe
Islamist;NNP;org
Addis;NNP;gpe
Ababa;NNP;gpe
Palestinian;JJ;gpe
Ahmed;NNP;per
Qureia;NNP;per
Israeli;JJ;gpe
Prime;NNP;per
Ehud;NNP;per
Olmert;NNP;per
Mahmoud;NNP;per
Abbas;NNP;per
November;NNP;time
George;NNP;per
Bush;NNP;per
Israel;NNP;geo
Bank;NNP;geo
Major;NNP;per
General;NNP;per
Udi;NNP;per
Adam;NNP;per
Northern;NNP;org
Command;NNP;org
Hezbollah;NNP;org
Lebanon;NNP;geo
Lieutenant;NNP;per
Dan;NNP;per
Halutz;NNP;per
Institute;NNP;org
Science;NNP;org
International;NNP;org
Security;NNP;org
Khushab;NNP;geo
Foreign;NNP;org
Tasnim;NNP;per
Aslam;NNP;per
American;NNP;org
Diabetes;NNP;org
Association;NNP;org
June;NNP;per
Soh;NNP;per
Amy;NNP;per
Katz;NNP;per
Cuba;NNP;gpe
Panama;NNP;gpe
Havana;NNP;gpe
City;NNP;gpe
Cuban;JJ;gpe
Fidel;NNP;per
Castro;NNP;per
Panamanian;JJ;gpe
Martin;NNP;per
Torrijos;NNP;per
Vice;NNP;per
Carlos;NNP;per
Lage;NNP;per
San;NNP;geo
Jose;NNP;geo
Costa;NNP;geo
Rica;NNP;geo
States;NNPS;org
August;NNP;time
Mireya;NNP;per
Moscoso;NNP;per
Cuba;NNP;geo
Panama;NNP;geo
City;NNP;geo
Gaza;NNP;geo
Strip;NNP;geo
June;NNP;time
Palestinians;NNS;gpe
Haniyeh;NNP;per
Israel;NNP;gpe
Arab;JJ;gpe
Hamas;NNP;org
Fatah;NNP;org
U.S.;NNP;geo
Chrysler;NNP;org
Mexico;NNP;geo
Saltillo;NNP;obj
Mexican;JJ;gpe
Felipe;NNP;per
Calderon;NNP;per
Mexico;NNP;gpe
Pentastar;NNP;obj
V-6;NNP;obj
Chrysler;NNP;obj
Dodge;NNP;obj
Jeep;NNP;obj
Ram;NNP;obj
Merck;NNP;org
Vioxx;NNP;obj
New;NNP;geo
Jersey;NNP;geo
Vioxx;NNP;org
Nicole;NNP;per
Ritchie;NNP;per
ABC;NNP;org
News;NNP;org
Dianne;NNP;per
Sawyer;NNP;per
The;DT;obj
Simple;NNP;obj
Life;NNP;obj
Joel;NNP;per
Madden;NNP;per
Good;NNP;org
Charlotte;NNP;org
Good;NNP;obj
Morning;NNP;obj
America;NNP;obj
Senator;NNP;per
John;NNP;per
Warner;NNP;per
Virginia;NNP;geo
University;NNP;org
Virginia;NNP;org
Senate;NNP;org
Armed;NNP;org
Services;NNP;org
Committee;NNP;org
Navy;NNP;org
Nations;NNP;org
Indian;NNP;geo
Ocean;NNP;geo
U.N.;NNP;org
Food;NNP;org
Agricultural;NNP;org
FAO;NNP;org
Maldives;NNP;geo
Sri;NNP;geo
Lanka;NNP;geo
Thailand;NNP;geo
Bekasi;NNP;geo
Jakarta;NNP;geo
Tangerang;NNP;geo
Thailand;NNP;gpe
Islamic;NNP;org
Malaysia;NNP;geo
Thai;JJ;gpe
Deputy;NNP;per
Interior;NNP;per
Sutham;NNP;per
Saengprathum;NNP;per
Kelantan;NNP;geo
Malaysia;NNP;gpe
Bangkok;NNP;gpe
Thaksin;NNP;per
Shinawatra;NNP;per
Indonesia;NNP;gpe
Muslims;NNS;org
Chinese;JJ;gpe
Shanghai;NNP;geo
Japanese;JJ;gpe
Japan;NNP;gpe
Tokyo;NNP;gpe
Beijing;NNP;geo
State;NNP;per
Councilor;NNP;per
Tang;NNP;per
Jiaxuan;NNP;per
Xinhua;NNP;org
China;NNP;gpe
Japan;NNP;geo
Nobutaka;NNP;per
Machimura;NNP;per
Li;NNP;per
Zhaoxing;NNP;per
Summer;NNP;event
Olympics;NNPS;event
London;NNP;geo
Games;NNPS;event
Olympic;NNP;org
Delivery;NNP;org
Authority;NNP;org
Tony;NNP;per
Blair;NNP;per
London;NNP;gpe
China;NNP;geo
Olympic;JJ;event
Sam;NNP;per
Beattie;NNP;per
Sichuan;NNP;geo
Kandahar;NNP;geo
Operation;NNP;event
Medusa;NNP;event
Lankan;NNP;gpe
Tamil;NNP;org
Colombo;NNP;geo
Dharmeratnam;NNP;per
Sivaram;NNP;per
TamilNet;NNP;org
Web;NNP;obj
Sri;NNP;gpe
Lanka;NNP;gpe
Daily;NNP;obj
Mirror;NNP;obj
Sri;NNP;org
Lankan;NNP;geo
Tiger;NNP;org
Pyongyang;NNP;gpe
Saddam;NNP;per
Hussein;NNP;per
Human;NNP;org
Rights;NNP;org
Watch;NNP;org
Department;NNP;org
Egypt;NNP;gpe
WHO;NNP;org
Egyptians;NNS;gpe
Egypt;NNP;geo
Asia;NNP;geo
Iraq;NNP;gpe
Federal;NNP;org
Reserve;NNP;org
Chairman;NNP;per
Paul;NNP;per
Volcker;NNP;per
Gulf;NNP;event
War;NNP;event
Kyrgyzstan;NNP;gpe
Justice;NNP;org
Tynychbek;NNP;per
Akmatbayev;NNP;per
Bishkek;NNP;geo
Murat;NNP;per
Sutalinov;NNP;per
Kyrgyz;JJ;gpe
Western;NNP;geo
Europe;NNP;geo
France;NNP;gpe
Aigle;NNP;org
Azur;NNP;org
Charles;NNP;obj
De;NNP;obj
Gaulle;NNP;obj
Paris;NNP;geo
Baghdad;NNP;obj
International;NNP;obj
Airport;NNP;obj
Trade;NNP;per
Anne-Marie;NNP;per
Idrac;NNP;per
Etihad;NNP;org
Emirates;NNP;org
United;NNP;geo
Emirates;NNPS;geo
January;NNP;time
Labor;NNP;org
Venezuelan;JJ;gpe
Hugo;NNP;per
Chavez;NNP;per
Colombia;NNP;gpe
Colombian;JJ;gpe
Alvaro;NNP;per
Uribe;NNP;per
Defense;NNP;per
Juan;NNP;per
Manuel;NNP;per
Santos;NNP;per
Venezuela;NNP;gpe
March;NNP;time
Ecuador;NNP;geo
Religious;NNP;org
Freedom;NNP;org
Liu;NNP;per
Jianchao;NNP;per
U.S;NNP;gpe
White;NNP;org
House;NNP;org
Uganda;NNP;gpe
Lord;NNP;org
Resistance;NN;org
LRA;NNP;org
Sudan;NNP;geo
Joseph;NNP;per
Kony;NNP;per
Criminal;NNP;org
Court;NNP;org
Uganda;NNP;geo
Roger;NNP;per
Federer;NNP;per
Australian;NNP;event
Open;NNP;event
Swiss;JJ;gpe
German;JJ;gpe
Tommy;NNP;per
Haas;NNP;per
Kooyong;NNP;event
Classic;NNP;event
Melbourne;NNP;geo
Association;NN;obj
Tennis;NNP;obj
Professionals;NNPS;obj
Tour;NNP;obj
European;NNP;org
Space;NNP;org
Agency;NNP;org
Saturn;NNP;geo
Titan;NNP;geo
Germany;NNP;geo
Huygens;NNP;obj
Cassini;NNP;obj
European;JJ;geo
Italian;JJ;gpe
Earth;NNP;geo
Ugandan;JJ;gpe
Kizza;NNP;per
Besigye;NNP;per
Dr.;NNP;per
Kampala;NNP;geo
Yoweri;NNP;per
Museveni;NNP;per
High;NNP;org
Bosco;NNP;per
Katutsi;NNP;per
Barack;NNP;per
Obama;NNP;per
White;NNP;obj
House;NNP;obj
Rose;NNP;obj
Garden;NNP;obj
African-American;JJ;gpe
Regina;NNP;per
Benjamin;NNP;per
Surgeon;NNP;per
Democrats;NNS;org
Representatives;NNPS;org
Americans;NNS;gpe
Bank;NNP;org
African;JJ;gpe
Latin;JJ;gpe
Wolfowitz;NNP;per
G-8;NNP;org
Africa;NNP;geo
Benin;NNP;gpe
Bolivia;NNP;gpe
Burkina;NNP;gpe
Faso;NNP;gpe
Ghana;NNP;gpe
Guyana;NNP;gpe
Honduras;NNP;gpe
Madagascar;NNP;gpe
Mali;NNP;gpe
Mozambique;NNP;gpe
Nicaragua;NNP;gpe
Niger;NNP;gpe
Rwanda;NNP;gpe
Senegal;NNP;gpe
Tanzania;NNP;gpe
Zambia;NNP;gpe
Tehran;NNP;geo
Iranian;JJ;gpe
TV;NNP;org
Air;NNP;org
Quality;NNP;org
Control;NNP;org
Company;NNP;org
Saudi;NNP;geo
Arabia;NNP;geo
Israelis;NNS;gpe
Tel;NNP;geo
Aviv;NNP;geo
Ramallah;NNP;geo
Ariel;NNP;per
Sharon;NNP;per
Russia;NNP;gpe
Biak;NNP;geo
Papua;NNP;geo
Guinea;NNP;geo
Susilo;NNP;per
Bambang;NNP;per
Yudhoyono;NNP;per
Algerian;JJ;gpe
France;NNP;geo
Rachid;NNP;per
Ramda;NNP;per
Group;NNP;org
Central;NNP;gpe
African;NNP;gpe
Republic;NNP;gpe
CAR;NNP;gpe
Democratic;NNP;gpe
Congo;NNP;gpe
Congolese;JJ;gpe
Yu;NNP;per
Hagino;NNP;per
Uji;NNP;geo
Bakri;NNP;per
Mohammed;NNP;per
Muslims;NNPS;org
Downing;NNP;obj
Street;NNP;obj
Britain;NNP;gpe
Beirut;NNP;geo
Muslim;NN;org
France;NNP;obj
Osama;NNP;per
Laden;NNP;per
Washington;NNP;gpe
Chiefs;NNP;org
Staff;NNP;org
Mike;NNP;per
Mullen;NNP;per
Admiral;NNP;per
Brigadier;NNP;per
Ahmad;NNP;per
Vahidi;NNP;per
Tehran;NNP;gpe
Georgia;NNP;gpe
Iran;NNP;geo
Mikhail;NNP;per
Saakashvili;NNP;per
Georgia;NNP;geo
Georgian;JJ;gpe
Georgians;NNS;gpe
Peru;NNP;gpe
Alberto;NNP;per
Fujimori;NNP;per
Peruvian;JJ;gpe
Tokyo;NNP;geo
Si;NNP;org
Cumple;NNP;org
Peru;NNP;geo
Lima;NNP;gpe
Kenyan;JJ;gpe
Kenyan;NN;gpe
Danish;JJ;gpe
Nairobi;NNP;geo
Middle;NNP;geo
East;NNP;geo
India;NNP;geo
Bangladesh;NNP;geo
Venezuela;NNP;geo
Council;NN;org
Faith;NNP;org
Malaysian;JJ;gpe
Abdullah;NNP;per
Badawi;NNP;per
Shaanxi;NNP;geo
India;NNP;org
Pakistan;NNP;org
Kashmir;NNP;geo
Wael;NNP;per
Guardian;NNP;org
Ahmadinejad;NNP;per
Europe;NNP;gpe
Zambian;JJ;gpe
Levy;NNP;per
Mwanawasa;NNP;per
Information;NNP;per
Mulongoti;NNP;per
Zimbabwe;NNP;geo
Zimbabwean;JJ;gpe
Robert;NNP;per
Mugabe;NNP;per
Harare;NNP;gpe
Southern;NNP;org
Development;NNP;org
Community;NNP;org
Gene;NNP;per
Sperling;NNP;per
National;NNP;org
Bill;NNP;per
Clinton;NNP;per
Lawrence;NNP;per
Summers;NNPS;per
Treasury;NNP;per
Secretary;NNP;per
Timothy;NNP;per
Geithner;NNP;per
D.C.;NNP;geo
William;NNP;per
Daley;NNP;per
Rahm;NNP;per
Emmanuel;NNP;per
Bosnia-Herzegovina;NNP;gpe
Bosnian;JJ;gpe
Serb;JJ;gpe
Srebrenica;NNP;geo
Dragan;NNP;per
Neskovic;NNP;per
Bijeljina;NNP;geo
World;NNP;event
II;NNP;event
Hague;NNP;geo
Serbs;NNS;gpe
Radovan;NNP;per
Karadzic;NNP;per
Shaanxi;NNP;org
Provincial;NNP;org
Archaeological;NNP;org
Research;NNP;org
Neolithic;JJ;time
New;NNP;time
Stone;NNP;time
Age;NNP;time
Philip;NNP;per
Alston;NNP;per
King;NNP;per
Bhumibol;NNP;per
Adulyadej;NNP;per
Nablus;NNP;geo
Martyrs;NNP;org
Brigades;NNP;org
Party;NNP;org
Horn;NNP;geo
Ghormley;NNP;per
Djibouti;NNP;geo
Meles;NNP;per
Zenawi;NNP;per
Resistance;NNP;org
James;NNP;per
Obita;NNP;per
Juba;NNP;geo
Islamic;NNP;gpe
State;NNP;gpe
Abu;NNP;per
Kevin;NNP;per
Bergner;NNP;per
Guantanamo;NNP;geo
Bay;NNP;geo
Force;NNP;org
Thomas;NNP;per
Hemingway;NNP;per
Center;NNP;org
Constitutional;NNP;org
Popular;NNP;org
Committees;NNS;org
Palestinian;NNP;org
Jihad;NNP;org
Khan;NNP;geo
Younis;NNP;geo
Adnan;NNP;per
Green;NNP;geo
Zone;NNP;geo
Dulaymi;NNP;per
Tal;NNP;geo
Afar;NNP;geo
Kirkuk;NNP;geo
Tarmiyah;NNP;geo
Judaidah;NNP;geo
Special;NNP;org
Forces;NNP;org
Sadr;NNP;geo
Shi'ite;NNP;org
Moqtada;NNP;per
Zalinge;NNP;geo
Ron;NNP;per
Redmond;NNP;per
Hashem;NNP;per
Ashibli;NNP;per
Sunni;NNP;gpe
Arab;NN;gpe
Saadoun;NNP;per
Ibrahim;NNP;per
Bahr;NNP;per
Transportation;NNP;org
Zoba;NNP;per
Yass;NNP;per
Mian;NNP;geo
Channu;NNP;geo
Yusuf;NNP;per
Raza;NNP;per
Gilani;NNP;per
Luis;NNP;per
Posada;NNP;per
Carriles;NNP;per
CIA;NNP;org
May;NNP;time
Pervez;NNP;per
Musharraf;NNP;per
Pakistanis;NNS;gpe
Centers;NNPS;org
Disease;NNP;org
States;NNPS;geo
CDC;NNP;org
Saud;NNP;per
Aziz;NNP;per
Agha;NNP;per
Ziauddin;NNP;per
Gilgit;NNP;geo
Rawalpindi;NNP;geo
Lashkar-e-Jhangvi;NNP;org
Latvia;NNP;obj
Latgalians;NNS;org
Baltic;NNP;geo
Latvian;JJ;gpe
A.D.;NNP;time
Germans;NNS;gpe
Poles;NNS;gpe
Swedes;NNS;gpe
Russians;NNS;gpe
I;NNP;event
USSR;NNP;gpe
US;NNP;gpe
Latvia;NNP;gpe
Soviet;NNP;gpe
Union;NNP;gpe
Moscow;NNP;gpe
EU;NNP;org
Latin;NNP;geo
America;NNP;geo
Bolivian;JJ;gpe
Swazis;NNS;gpe
British;NNS;gpe
MSWATI;NNP;per
III;NNP;per
Democratic;NNP;org
Swaziland;NNP;gpe
Botswana;NNP;gpe
Spanish;NNS;gpe
Trinidad;NNP;geo
Caribbean;NNP;geo
Tobago;NNP;geo
Spanish;JJ;gpe
Spain;NNP;geo
Fernando;NNP;per
Andreu;NNP;per
Kenya;NNP;geo
China;NNP;org
Health;NNP;per
Gao;NNP;per
Qiang;NNP;per
Norwegian;JJ;gpe
Svalbard;NNP;geo
Norway;NNP;gpe
Jens;NNP;per
Stoltenberg;NNP;per
Nobel-Prize;NNP;obj
Wangari;NNP;per
Maathai;NNP;per
Abu;NNP;org
Musab;NNP;org
Irbil;NNP;geo
Dohuk;NNP;geo
Hilla;NNP;geo
Islamic;NNP;geo
Jihad;NNP;geo
Islamic;JJ;org
Jabaliya;NNP;geo
Islamic;JJ;geo
Jihad;NN;geo
Shahdi;NNP;geo
Mohanna;NNP;geo
Reuters;NNS;org
Afghans;NNS;gpe
Kabul;NNP;geo
Hamid;NNP;per
Su-24;NNP;obj
Far;NNP;geo
Khabarovsk;NNP;geo
Crimea;NNP;geo
Sevastopol;NNP;geo
Ukrainian;JJ;gpe
Russia;NNP;org
Ukraine;NNP;geo
Black;NNP;org
Sea;NNP;org
Ukraine;NNP;org
Moscow;NNP;org
Cairo;NNP;geo
Egypt;NNP;org
Brotherhood;NN;geo
Topol-M;NNP;obj
Ivanov;NNP;per
Topol;NNP;obj
Khost;NNP;geo
Arizona;NNP;geo
Minuteman;NNP;org
Project;NNP;org
Gilchrist;NNP;per
Washington;NNP;org
Times;NNP;org
Mara;NNP;geo
Salvatrucha;NNP;geo
MS-13;NNP;geo
Tombstone;NNP;time
Alliance;NNP;org
Rights;NNPS;org
Central;NNP;org
South;NNP;org
America;NNP;org
Colombia;NNP;geo
Colombia;NNP;org
El;NNP;org
Salvador;NNP;org
Red;NNP;org
Solidaria;NNP;org
Salvadorans;NNS;gpe
Silvio;NNP;per
Berlusconi;NNP;per
Romano;NNP;per
Prodi;NNP;per
Shi'ite;NNP;geo
Muslim;NNP;geo
New;NNP;org
Baghdad;NNP;org
Karbala;NNP;geo
Ashura;NNP;event
Christmas;NNP;event
Moses;NNPS;per
Bittok;NNP;per
Iowa;NNP;geo
Shinzo;NNP;per
Abe;NNP;per
Liberal;NNP;org
Kilju;NNP;geo
Fox;NNP;org
Adviser;NNP;org
Stephen;NNP;per
Hadley;NNP;per
North;JJ;geo
Korean;JJ;gpe
Green;NNP;org
Zone;NNP;org
Obeidi;NNP;per
Syrian;JJ;gpe
Euphrates;NNP;geo
River;NNP;geo
Markos;NNP;per
Kypriano;NNP;per
Roche;NNP;per
Tamiflu;NNP;geo
Margaret;NNP;per
Chan;NNP;per
Inter-American;NNP;org
Haitian;JJ;gpe
Haiti;NNP;geo
Boston;NNP;geo
Miami;NNP;geo
New~York;NNP;geo
Canada;NNP;geo
France;NNP;org
Bahamas;NNPS;geo
Yury;NNP;per
Yekhanurov;NNP;per
Yekhanurov;NNP;org
State;NNP;org
Burma;NNP;gpe
Burmese;JJ;gpe
Burma;NNP;org
Media;NNP;org
Rangoon;NNP;geo
Aung;NNP;org
Oo;NNP;org
Daw;NNP;per
Sint;NNP;per
Aung;NNP;per
Nippon;NNP;org
Network;NNP;org
Bangkok;NNP;org
HMS;NNP;per
Scott;NNP;per
Sumatra;NNP;geo
Island;NNP;geo
Ohio;NNP;gpe
Representative;NN;org
Bob;NNP;per
Ney;NNP;per
Administration;NNP;org
Jack;NNP;per
Abramoff;NNP;per
Texas;NNP;gpe
Tom;NNP;per
DeLay;NNP;per
Majority;NNP;org
Leader;NNP;org
Italy;NNP;geo
Britain;NNP;geo
Hamdi;NNP;per
Issac;NNP;per
Hussain;NNP;per
Ciampino;NNP;geo
Mississippi;NNP;geo
Illinois;NNP;geo
Corps;NNP;org
Engineers;NNP;org
Central;NNP;geo
Guard;NNP;org
Iowa;NNP;org
Reconstruction;NNP;geo
Congress;NNP;org
Chilean;JJ;gpe
Augusto;NNP;per
Pinochet;NNP;per
Victor;NNP;per
Montiglio;NNP;per
Pinochet;NNP;org
Operation;NNP;per
Colombo;NNP;per
Contreras;NNP;per
Mercosur;NNP;org
Venezuela;NNP;org
Argentina;NNP;org
Brazil;NNP;org
Paraguay;NNP;org
Uruguay;NNP;org
Evo;NNP;per
Morales;NNP;per
Brazilian;JJ;gpe
Luiz;NNP;per
Inacio;NNP;per
Lula;NNP;per
Silva;NNP;per
Brazil;NNP;geo
Bolivia;NNP;geo
Mercosur;NNP;geo
Nicanor;NNP;per
Duarte;NNP;per
Aceh;NNP;geo
UTC;NNP;time
Banda;NNP;geo
Geological;NNP;org
Survey;NNP;org
Social;NNP;org
Kerry;NNP;per
Spanish;JJ;obj
Ken;NNP;per
Salazar;NNP;per
Colorado;NNP;geo
Gulf;NNP;geo
Aden;NNP;geo
Yemen;NNP;geo
Yemeni;JJ;gpe
Somalians;NNPS;per
Commissioner;NNP;org
Refugees;NNP;org
Abdul;NNP;org
Saboor;NNP;org
Farid;NNP;org
Farid;NNP;per
Baquba;NNP;geo
Balad;NNP;per
Ruz;NNP;per
Baiji;NNP;geo
Ali;NNP;per
Western;JJ;org
Baathist;NNP;org
States;NNP;org
Government;NNP;org
Endangered;NNP;obj
Species;NNP;obj
Act;NNP;obj
Sisco;NNP;per
Atomic;NNP;org
Energy;NNP;org
Iran;NNP;org
Arak;NNP;geo
Donald;NNP;per
Rumsfeld;NNP;per
Balad;NNP;geo
Ruz;NNP;geo
Musab;NNP;per
Iraqi;JJ;org
Iyad;NNP;per
Allawi;NNP;per
Nigerian;JJ;gpe
Polish;JJ;gpe
Warri;NNP;geo
Delta;NNP;org
Nigeria;NNP;org
Treasury;NNP;org
KindHearts;NNP;org
Israel;NNP;org
Olympic;NNP;event
Shaowu;NNP;per
Athens;NNP;org
Greece;NNP;geo
Tibet;NNP;geo
Obesity;NNP;org
Task;NNP;org
Carol;NNP;per
Pearson;NNP;per
Vision;NNP;org
Australia;NNP;org
Costello;NNP;per
Hassan;NNP;per
Hushiar;NNP;per
York;NNP;org
Condoleezza;NNP;per
Rice;NNP;per
Jalal;NNP;per
Talabani;NNP;per
Ms.;NNP;per
Dick;NNP;per
Cheney;NNP;per
Adil;NNP;per
Mahdi;NNP;per
Iraqis;NNS;gpe
Jerusalem;NNP;geo
Saeb;NNP;per
Erekat;NNP;per
Kadima;NNP;org
Chakul;NNP;geo
Helmand;NNP;geo
Later;RB;time
Conservative;NNP;org
California;NNP;geo
Santa;NNP;geo
Barbara;NNP;geo
Nouri;NNP;per
Saddam;NNP;geo
Hussein;NNP;geo
Moqtada;NNP;geo
Nuristan;NNP;geo
Kamdesh;NNP;time
More;JJR;time
U.S.-led;JJ;time
Afghanistan;NNP;org
Mstislav;NNP;per
Rostropovich;NNP;per
February;NNP;time
Vladimir;NNP;per
Putin;NNP;per
Galina;NNP;per
Vishnevskaya;NNP;per
Soviet;NNP;geo
Union;NNP;geo
Google;NNP;org
Internet;NNP;obj
Mountain;NNP;geo
View;NNP;geo
West;NNP;org
Jenin;NNP;geo
Andre;NNP;per
Agassi;NNP;per
Delray;NNP;event
Beach;NNP;event
International;NNP;event
Florida;NNP;geo
Spain;NNP;gpe
Guillermo;NNP;per
Garcia-Lopez;NNP;per
Spaniard;NN;gpe
Xavier;NNP;per
Malisse;NNP;per
Belgium;NNP;gpe
Florian;NNP;per
Mayer;NNP;per
Germany;NNP;gpe
Luxembourg;NNP;gpe
Gilles;NNP;per
Muller;NNP;per
Vince;NNP;per
Spadea;NNP;per
Lee;NNP;per
Hyung-taik;NNP;per
Korea;NNP;geo
Lebanese;JJ;gpe
Rafik;NNP;per
Hariri;NNP;per
Vienna;NNP;geo
Austrian;JJ;gpe
Damascus;NNP;org
Syria;NNP;geo
Syria;NNP;org
Hillary;NNP;per
Rodham;NNP;per
York;NNP;geo
Mrs.;NNP;per
Los;NNP;geo
Angeles;NNP;geo
Hollywood;NNP;geo
San;NNP;per
Suu;NNP;per
Kyi;NNP;per
Vijay;NNP;per
Nambiar;NNP;per
U.N.;NNP;per
Secretary-General;NNP;org
Ban;NNP;per
Ki-moon;NNP;per
Nobel;NNP;obj
Peshawar;NNP;geo
Pakistani;JJ;org
Muhsin;NNP;per
Musa;NNP;per
Matwali;NNP;per
Atwah;NNP;per
Tanzania;NNP;geo
Eritrea;NNP;geo
Eastern;NNP;org
Front;NNP;org
Barka;NNP;geo
Valley;NNP;geo
Tokar;NNP;geo
Port;NNP;per
Red;NNP;geo
Sea;NNP;geo
XVI;NNP;per
L'Aquilla;NNP;geo
Maria;NNP;geo
Collemaggio;NNP;geo
Onna;NNP;geo
Abruzzo;NNP;geo
Lieutenant;NN;per
Barno;NNP;per
Afghanistan;NNP;gpe
Berlin;NNP;org
Wall;NNP;org
Helmut;NNP;per
Kohl;NNP;per
Herbert;NNP;per
Walker;NNP;per
Gorbachev;NNP;per
Berlin;NNP;geo
Chancellor;NN;per
Iron;NNP;org
Curtain;NNP;org
Icelanders;NNS;gpe
Denmark;NNP;org
Reykjavik;NNP;geo
Iceland;NNP;org
Geir;NNP;per
Haarde;NNP;per
Monetary;NNP;org
Fund;NNP;org
Civil;NNP;org
Liberties;NNPS;org
Pentagon;NNP;org
Intelligence;NNP;org
DIA;NNP;org
ACLU;NNP;org
Information;NNP;org
Act;NNP;org
Zurab;NNP;per
Zhvania;NNP;per
Voice;NNP;org
Georgia;NNP;org
National;NNP;per
Security;NNP;per
Advisor;NNP;per
Abkhazia;NNP;geo
Seoul;NNP;geo
Junichiro;NNP;per
Koizumi;NNP;per
Toshiyuki;NNP;per
Takano;NNP;per
Japan;NNP;org
Raul;NNP;per
Baduel;NNP;per
Caracas;NNP;gpe
Kamal;NNP;org
Kharrazi;NNP;org
Gholamreza;NNP;per
Aghazadeh;NNP;per
Europeans;NNS;gpe
Republic;NNP;geo
Coast;NNP;geo
Louisiana;NNP;geo
Mississippi;NNP;org
Atlantic;NNP;geo
Jericho;NNP;geo
Space;NNP;obj
Station;NNP;obj
Soyuzcapsule;NNP;obj
Kazakhstan;NNP;geo
Fyodor;NNP;per
Yurchikhin;NNP;per
Oleg;NNP;per
Kotov;NNP;per
Charles;NNP;per
Simonyi;NNP;per
Cosmonauts;NNP;time
Day;NNP;time
Yuri;NNP;per
Gagarin;NNP;per
Tyurin;NNP;per
Miguel;NNP;per
Lopez-Alegria;NNP;per
Sunita;NNP;per
Williams;NNP;per
Palestine;NNP;org
Basque;NNP;org
ETA;NNP;org
La;NNP;org
Peineta;NNP;org
Spain;NNP;org
Olympics;NNS;time
Jose;NNP;per
Rodriguez;NNP;per
Zapatero;NNP;per
Basque;NN;geo
The;DT;org
Who;NNP;org
Tampa;NNP;geo
Daltrey;NNP;per
Pete;NNP;per
Townshend;NNP;per
Endless;JJ;obj
Wire;NNP;obj
Nepal;NNP;gpe
Sri;NNP;per
Tamil;NNP;geo
Tiger;NNP;geo
Jammu;NNP;geo
ITV;NNP;org
European;NNP;per
Union;NNP;per
Commissioner;NNP;per
Peter;NNP;per
Mandelson;NNP;per
Beijing;NNP;org
Diwaniyah;NNP;geo
Lankan;NNP;per
Iranativu;NNP;geo
Tamil;NNP;obj
Tamils;NNS;geo
Albania;NNP;org
Croatia;NNP;org
Macedonia;NNP;org
Al-Qaida;NNP;org
Ayman;NNP;per
Persian;NNP;geo
Zawahiri;NNP;per
Islam;NNP;geo
Solomon;NNP;geo
Islands;NNP;geo
Protection;NN;org
Animals;NNS;org
Gavutu;NNP;geo
Pacific;NNP;geo
York-based;VBN;org
Protect;VB;org
Journalists;NNP;org
Radio;NNP;org
Shabelle;NNP;org
Baidoa;NNP;geo
Ethiopia;NNP;geo
Mohamed;NNP;per
Amiin;NNP;per
Adawe;NNP;per
Saed;NNP;per
Ghraib;NNP;org
Specialist;NNP;per
Graner;NNP;per
Sergeant;NNP;per
Javal;NNP;per
Davis;NNP;per
Sabrina;NNP;per
Harman;NNP;per
Fort;NNP;geo
Hood;NNP;geo
Texas;NNP;geo
Maryland;NNP;geo
Andres;NNP;per
Valencia;NNP;per
Liberation;NNP;org
ELN;NNP;org
Francisco;NNP;per
Galan;NNP;per
Richard;NNP;per
Boucher;NNP;per
Chemical;NNP;per
Muslims;NNPS;geo
Basra;NNP;geo
Deif;NNP;per
II;NNP;per
Roman;NNP;geo
Catholics;NNPS;geo
Eucharist;NNP;time
Catholics;NNS;geo
Eucharist;NN;time
Day;NN;time
Prophet;NNP;org
Muhammad;NNP;org
Asian;NNP;geo
HIV;NNP;org
AIDS;NNP;org
Shaukat;NNP;per
Reza;NNP;per
Asefi;NNP;per
IAEA;NNP;org
ElBaradei;NNP;per
Parchin;NNP;geo
Turkish;JJ;gpe
League;NNP;org
Israeli;JJ;org
Turkey;NNP;geo
Hurriyet;NNP;org
Van;NNP;geo
Khodorkovsky;NNP;per
Yukos;NNP;org
Henan;NNP;geo
Dengfeng;NNP;geo
Hegang;NNP;geo
Heilongjiang;NNP;geo
Interior;NNP;org
Kurds;NNS;per
Sixto;NNP;per
Free;NNP;geo
Hindu;NNP;geo
Kush;NNP;geo
Chitral;NNP;geo
Sunnis;NNPS;org
Crawford;NNP;geo
Cindy;NNP;per
Sheehan;NNP;per
Tehran;NNP;org
States;NNP;geo
Swat;NNP;org
Valley;NNP;org
Khawaza;NNP;org
Kehla;NNP;org
Larijani;NNP;per
Straw;NNP;per
Manouchehr;NNP;org
Mottaki;NNP;org
Secretary;NN;per
State;NN;per
Relations;NNP;org
English;JJ;gpe
Irish;JJ;gpe
St.;NNP;geo
Kitts;NNP;geo
Montserrat;NNP;geo
French;NNS;gpe
Soufriere;NNP;org
Hills;NNP;org
Volcano;NNP;org
Azerbaijan;NNP;geo
Kars-Akhalkalaki;NNP;org
Railroad;NNP;org
Madagascar;NNP;org
GDP;NN;obj
US;NNP;geo
Growth;NN;org
Opportunity;NNP;org
AGOA;NNP;obj
RAVALOMANANA;NNP;per
Britain;NNP;org
Noumea;NNP;time
Accord;NNP;time
Caledonia;NNP;geo
Jupiter;NNP;per
Ills;NNPS;obj
Sirnak;NNP;geo
Kurdistan;NNP;org
Workers;NNP;org
PKK;NNP;org
Ankara;NNP;geo
Canadian;JJ;gpe
Deutsche;NNP;org
Welle;NNP;org
Baghlan;NNP;geo
Idol;NNP;org
Alaina;NNP;per
Alexander;NNP;per
Dixie;NNP;org
Chicks;NNPS;org
Nick;NNP;per
Pedro;NNP;per
Simon;NNP;per
Cowell;NNP;per
A.J.;NNP;org
Tabaldo;NNP;org
Leslie;NNP;org
Hunt;NNP;org
Nina;NNP;geo
Simone;NNP;geo
Jersey;NNP;org
Antonella;NNP;org
Barba;NNP;org
Aung;NNP;geo
Suu;NNP;geo
Kyi;NNP;geo
Democracy;NNP;org
Win;NNP;geo
NLD;NNP;org
Program;NNP;org
Khartoum;NNP;org
African;NNP;geo
Leonid;NNP;per
Kuchma;NNP;per
Georgy;NNP;per
Gongadze;NNP;per
Kravchenko;NNP;per
Laura;NNP;per
Missing;NNP;org
Exploited;NNP;org
Children;NNP;org
Cross;NNP;org
Jimmy;NNP;per
Carter;NNP;per
Atlanta;NNP;geo
Amnesty;NNP;org
Haqqani;NNP;geo
Paktiya;NNP;geo
Rio;NNP;geo
Janeiro;NNP;geo
Providencia;NNP;geo
Religious;JJ;org
Affairs;NNP;org
Provisions;NNPS;org
News-Washington;NNP;org
Post;NNP;org
Sarah;NNP;per
Kogelo;NNP;geo
Daily;NNP;org
Nation;NNP;org
Democratic;JJ;org
Kenyans;NNS;gpe
Herald;NNP;org
Chinhoyi;NNP;geo
Morgan;NNP;per
Tsvangirai;NNP;per
Fuad;NNP;per
Masoum;NNP;per
National;NNP;geo
Assembly;NNP;geo
Street;NNP;org
Journal;NNP;org
Veligonda;NNP;geo
Andhra;NNP;geo
Pradesh;NNP;geo
Hong;NNP;geo
Kong;NNP;geo
Crimea;NNP;org
Peninsula;NNP;org
Guinea-Bissau;NNP;geo
Burkina;NNP;geo
Faso;NNP;geo
Liberia;NNP;geo
Mali;NNP;geo
Mauritania;NNP;geo
Niger;NNP;geo
Senegal;NNP;geo
Germany;NNP;org
Moroccan;JJ;gpe
Rhine-Westphalia;NNP;geo
Guenther;NNP;per
Beckstein;NNP;per
Gush;NNP;org
Katif;NNP;org
Islamic;NNP;per
Jihad;NNP;per
Sierra;NNP;gpe
Leone;NNP;gpe
Liberian;JJ;gpe
Taylor;NNP;per
Crane;NNP;per
Guinean;JJ;gpe
Lansana;NNP;per
Conte;NNP;per
Nigeria;NNP;geo
Sierra;NNP;per
Leone;NNP;per
Panama;NNP;org
Mulino;NNP;per
Darien;NNP;geo
Al-Aqsa;NNP;org
Hebron;NNP;geo
Fatah;NNP;geo
Weightlifting;NNP;org
Federation;NNP;org
Doha;NNP;geo
Qatar;NNP;geo
Turkey;NNP;org
IWF;NNP;org
Rio;NNP;per
Janeiro;NNP;per
Hurricane;NNP;event
Gustav;NNP;event
Carolyn;NNP;per
Presutti;NNP;per
Ivory;NNP;geo
Kofi;NNP;per
Annan;NNP;per
U.N.;NNP;geo
Laurent;NNP;per
Gbagbo;NNP;per
Prosecutor;NNP;org
Patrick;NNP;org
Fitzgerald;NNP;org
Fitzgerald;NNP;per
Karl;NNP;per
Rove;NNP;per
Lewis;NNP;per
Libby;NNP;per
Valerie;NNP;org
Plame;NNP;org
Assembly;NNP;org
Olli;NNP;per
Heinonen;NNP;per
Al;NNP;org
Kibar;NNP;org
Girija;NNP;per
Prasad;NNP;per
Koirala;NNP;per
King;NNP;org
Gyanendra;NNP;org
Maoist;NNP;org
Krishna;NNP;per
Mahara;NNP;per
Sitaula;NNP;per
Prachanda;NNP;org
Barack;NN;per
McCain;NNP;per
Michael;NNP;per
Jackson;NNP;per
Jalil;NNP;per
Jilani;NNP;per
Sergei;NNP;per
Lavrov;NNP;per
Fergana;NNP;geo
Uzbekistan;NNP;geo
Kyrgyzstan;NNP;geo
Tajikistan;NNP;geo
Jordan;NNP;gpe
League;NNP;geo
Amman;NNP;geo
Greek;JJ;gpe
Athens;NNP;geo
Daily;NNP;geo
Ambassador;NNP;per
Woo-ik;NNP;per
FTA;NNP;org
Taiwan;NNP;geo
Christopher;NNP;per
Hill;NNP;per
CBS;NNP;org
Reuters;NNP;org
State;NNP;geo
Affairs;NNP;geo
Poland;NNP;geo
Macedonia;NNP;geo
Kosovo;NNP;geo
Peace;NNP;org
Cameroon;NNP;geo
Ryan;NNP;per
Crocker;NNP;per
Tel;NNP;org
Aviv;NNP;org
Ya'akov;NNP;per
Alperon;NNP;per
Dror;NNP;per
Yoram;NNP;per
Haham;NNP;per
U.S.;NNP;per
Representative;NNP;per
Susan;NNP;per
Schwab;NNP;per
Alan;NNP;per
Garcia;NNP;per
Democrats;NNPS;org
Hlinethaya;NNP;geo
Antonio;NNP;geo
Villaraigosa;NNP;geo
Allah;NNP;per
Gadahn;NNP;per
FBI;NNP;org
Fallujah;NNP;org
Libyan;JJ;gpe
Brussels;NNP;time
Swedish;JJ;gpe
Bush;NNP;geo
Arkansas;NNP;geo
Melissa;NNP;per
Fleming;NNP;per
Terje;NNP;per
Roed-Larsen;NNP;per
Damascus;NNP;time
Bashar;NNP;per
Syria;NNP;gpe
Angel;NNP;per
Mejia;NNP;per
Tolima;NNP;geo
Bogota;NNP;geo
Antioquia;NNP;geo
Brad;NNP;per
Delp;NNP;per
Boston;NNP;org
Hampshire;NNP;geo
Pamela;NNP;per
Sullivan;NNP;per
Garang;NNP;per
Sudan;NNP;org
People;NNS;org
SPLA;NNP;org
Sudanese;JJ;org
Oklahoma;NNP;geo
Rick;NNP;per
Perry;NNP;per
Singapore;NNP;org
Paya;NNP;org
Lebar;NNP;org
Base;NNP;org
Howard;NNP;per
Australia;NNP;geo
Rudd;NNP;per
Guam;NNP;geo
Nicolas;NNP;per
Sarkozy;NNP;per
Movement;NN;org
Segolene;NNP;per
Royal;NNP;per
Jacques;NNP;per
Chirac;NNP;per
Kyaw;NNP;per
Hsann;NNP;per
Delphi;NNP;per
Corporation;NNP;per
Motors;NNPS;org
Miller;NNP;per
Kuwait;NNP;org
Bangkok;NNP;geo
Vietnam;NNP;org
Cambodian;JJ;gpe
Army;NNP;per
Private;NNP;per
Lynndie;NNP;per
England;NNP;per
Abu;NNP;geo
Ghraib;NNP;geo
Gyanendra;NNP;per
Nepali;NNP;org
Prachanda;NNP;time
Guerrero;NNP;geo
Chilpancingo;NNP;org
Specialist;NNP;org
Neftaly;NNP;org
Platero;NNP;org
Fallujah;NNP;geo
Colonel;NNP;per
Barry;NNP;per
Johnson;NNP;per
Agriculture;NNP;org
Lesotho;NNP;geo
Swaziland;NNP;geo
Condolezza;NNP;org
Nabil;NNP;per
Amr;NNP;per
Zambia;NNP;geo
Rupiah;NNP;per
Banda;NNP;per
Southern;JJ;org
Grand;NNP;org
Prix;NNP;org
Formula;NNP;org
Silverstone;NNP;geo
Arabic;NNP;geo
Palestinian;JJ;org
Portuguese;JJ;gpe
Anibal;NNP;per
Cavaco;NNP;per
H.W.;NNP;per
Portugal;NNP;gpe
Bush;NNP;org
Seymour;NNP;per
Hersh;NNP;per
Yorker;NNP;org
Eastern;NNP;geo
Africans;NNS;gpe
Democratic;JJ;geo
Congo;NNP;geo
Brazzaville;NNP;geo
Madagascar;NNP;geo
Roman;NNP;per
Catholic;NNP;per
Authority;NNP;per
Sharm;NNP;geo
Gaza;NNP;org
Strip;NNP;org
Arabs;NNS;gpe
Zarqawi;NNP;per
Sinai;NNP;geo
Youssef;NNP;per
Badran;NNP;per
Taba;NNP;geo
Hoshyar;NNP;per
Zebari;NNP;per
Ambassador;NNP;org
Fayssal;NNP;org
Mekdad;NNP;org
Karen;NNP;per
Karen;NNP;geo
Karen;NNP;org
West;JJ;org
Kari;NNP;per
Barber;NNP;per
Conakry;NNP;geo
Memorial;NNP;time
Arlington;NNP;org
Cemetery;NNP;org
Tomb;NNP;geo
Wars;NNPS;event
Korean;NNP;event
Representatives;NNP;org
Commerce;NNP;org
House;NNP;per
Speaker;NNP;per
Nancy;NNP;per
Pelosi;NNP;per
Bangladeshi;JJ;gpe
Mirpur;NNP;geo
Dhaka;NNP;geo
Eric;NNP;per
Holder;NNP;per
Oregon;NNP;geo
Christmas;NNP;geo
Advocates;NNP;org
Commonwealth;NNP;org
Independent;NNP;org
Boris;NNP;per
Tarasyuk;NNP;per
Kiev;NNP;geo
GUAM;NNP;org
Moldova;NNP;geo
Old;NNP;geo
Palestinian;NN;gpe
Christian;JJ;time
NBC;NNP;org
Today;NN;time
Bremer;NNP;per
Maarib;NNP;geo
Aqili;NNP;per
Canada;NNP;org
Italy;NNP;org
Sweden;NNP;org
Kazakhstan;NNP;org
Turin;NNP;geo
Group-A;NNP;org
Jarome;NNP;per
Iginla;NNP;per
Dany;NNP;per
Heatley;NNP;per
Shane;NNP;per
Doan;NNP;per
St.;NNP;per
Louis;NNP;per
Group-B;NNP;org
Daniel;NNP;per
Tjarnqvist;NNP;per
Henrik;NNP;per
Sedin;NNP;per
Finland;NNP;org
Switzerland;NNP;org
Czech;JJ;org
Republic;NNP;org
Slovakia;NNP;org
Latvia;NNP;org
Qingdao;NNP;geo
Beijing;NNP;event
Shandong;NNP;geo
Jinan;NNP;geo
Ayatollah;NNP;per
Khamenei;NNP;per
Garmser;NNP;geo
Kabul;NNP;per
Revolutionary;NNP;org
FARC;NNP;geo
Putumayo;NNP;geo
FARC;NNP;org
Gibraltar;NNP;gpe
Poland;NNP;gpe
Prussia;NNP;gpe
Austria;NNP;gpe
Poland;NNP;org
Denmark;NNP;gpe
Danes;NNS;gpe
OECD;NNP;org
European;JJ;org
EMU;NNP;org
UK;NNP;org
Bougainville;NNP;geo
Sir;NNP;per
Allan;NNP;per
KEMAKEZA;NNP;per
Regional;NNP;org
Assistance;NNP;org
Mission;NNP;org
RAMSI;NNP;geo
Roswell;NNP;geo
Al;NNP;per
Gore;NNP;per
Caracas;NNP;geo
Rosales;NNP;per
Zulia;NNP;geo
Venezuelans;NNS;gpe
Ilyas;NNP;per
Shurpayev;NNP;per
Shurpayev;NNP;org
North;NNP;org
Caucasus;NNP;org
Natanz;NNP;geo
Tehran;NNP;per
Maywand;NNP;geo
Less;RBR;time
Zabul;NNP;geo
Two;CD;time
Lightning;NNP;event
Freedom;NNP;event
Oil;NNP;org
Benon;NNP;per
Sevan;NNP;per
Nations-run;NNP;org
Federal;NNP;per
Reserve;NNP;per
Liuguantun;NNP;geo
Tangshan;NNP;geo
Hebei;NNP;geo
Xinhua;NNP;geo
Communist;NNP;org
Shengyou;NNP;geo
Rogers;NNP;per
Lerner;NNP;per
Sufa;NNP;geo
Karni;NNP;geo
Nahal;NNP;org
Oz;NNP;org
Gauteng;NNP;geo
Johannesburg;NNP;geo
Kwazulu-Natal;NNP;geo
South;JJ;gpe
Mento;NNP;per
Tshabalala-Msimang;NNP;per
Kandahar;NNP;time
Hayabullah;NNP;per
Rafiqi;NNP;per
Qabail;NNP;org
Primary;NNP;org
School;NNP;org
Hu;NNP;per
Jintao;NNP;per
New;NNP;event
Year;NNP;event
Eve;NNP;event
Television;NNP;org
Year;NNP;org
Yousuf;NNP;per
Stanizai;NNP;per
Najibullah;NNP;per
Sebastien;NNP;per
Loeb;NNP;per
Rally;NN;org
Citroen;NNP;org
Subaru;NNP;geo
Petter;NNP;per
Solberg;NNP;per
Norway;NNP;geo
Marcus;NNP;per
Gronholm;NNP;per
Finland;NNP;geo
Peugeot;NNP;geo
Mitsubishi;NNP;geo
Gigi;NNP;per
Galli;NNP;per
Markko;NNP;per
Antonio;NNP;per
Alonso;NNP;per
Croatian;JJ;gpe
Ante;NNP;org
Gotovina;NNP;org
Hague;NNP;org
Canary;NNP;geo
Croatia;NNP;geo
Serbia;NNP;geo
Ratko;NNP;org
Mladic;NNP;org
Serbian;JJ;gpe
Belgrade;NNP;geo
Philippe;NNP;per
Douste-Blazy;NNP;per
Kam;NNP;org
Boeing;NNP;org
Herat;NNP;geo
Oaxaca;NNP;geo
Oaxaca;NNP;per
Governor;NNP;per
Ulises;NNP;per
Ruiz;NNP;per
Zhouqu;NNP;geo
Gansu;NNP;geo
Karachi;NNP;geo
Haider;NNP;per
Muttahida;NNP;org
Quami;NNP;org
Movement;NNP;org
MQM;NNP;org
Awami;NNP;org
Ivory;NNP;org
Coast;NNP;org
Denis;NNP;per
Sassou-Nguesso;NNP;per
Konan;NNP;per
Banny;NNP;per
Sudan;NNP;time
Hosni;NNP;per
Mubarak;NNP;per
Yulia;NNP;per
Tymoshenko;NNP;per
Interfax;NNP;org
Kryvorizhstal;NNP;org
Viktor;NNP;per
Pinchuk;NNP;per
Jalawla;NNP;geo
Diyala;NNP;geo
Antalya;NNP;geo
Anatolia;NNP;org
Mediterranean;NNP;org
Grand;NNP;event
Slam;NNP;event
Kooyong;NNP;geo
Tennis;NNP;event
Masters;NNP;event
Cup;NNP;event
Tennis;NNP;org
Professionals;NNPS;org
Saudi;NNP;org
Arabia;NNP;org
Manmohan;NNP;per
Singh;NNP;per
Delhi;NNP;geo
Indian;NNP;event
Republic;NNP;event
Day;NNP;event
Kalam;NNP;per
Parliament;NNP;org
MacArthur;NNP;org
Park;NNP;org
Madaen;NNP;geo
Shi'ites;NNP;geo
Siad;NNP;per
Barre;NNP;per
Seyoum;NNP;per
Mesfin;NNP;per
Mogadishu;NNP;gpe
Dheere;NNP;per
Interim;NNP;per
Gedi;NNP;per
Globovision;NNP;org
Zuloaga;NNP;per
CNN;NNP;org
Inter-American;JJ;org
Broadcasting;NNP;org
Corporation;NNP;org
BBC;NNP;org
Kate;NNP;per
Peyton;NNP;per
Sahafi;NNP;org
Hotel;NNP;org
Madhuri;NNP;per
Gupta;NNP;per
Official;NNP;org
Secrets;NNP;org
Quetta;NNP;geo
Baluchistan;NNP;geo
Baluch;NNP;org
Kunar;NNP;geo
Lion;NNP;per
Transport;NNP;org
Mil;NNP;per
Arcega;NNP;per
Gazprom;NNP;org
Energy;NNP;per
Ivan;NNP;per
Plachkov;NNP;per
Khristenko;NNP;per
Ukraine;VB;geo
Yuriy;NNP;per
Supreme;NNP;org
Judge;NNP;per
Anup;NNP;per
Raj;NNP;per
Sharma;NNP;per
FM;NNP;org
Communication;NNP;org
Jawid;NNP;per
Spin;NNP;geo
Boldak;NNP;geo
Georgetown;NNP;org
Imad;NNP;per
Moustapha;NNP;per
Aswan;NNP;geo
Rene;NNP;per
Preval;NNP;per
Leslie;NNP;per
Manigat;NNP;per
Haitians;NNS;gpe
Baker;NNP;per
Bureau;NNP;org
Investigations;NNS;org
Oakland;NNP;geo
California;NNP;org
Phoenix;NNP;org
Honduran;JJ;gpe
Zelaya;NNP;per
Ricardo;NNP;per
Martinez;NNP;per
Roberto;NNP;per
Micheletti;NNP;per
Pyongyang;NNP;time
Hiroyuki;NNP;per
Hosoda;NNP;per
Japanese;NNS;gpe
Committees;NNP;org
Medecins;NNP;org
Sans;NNP;org
Frontieres;NNP;org
Save;NNP;org
Conference;NNP;org
Office;NNP;per
Kim;NNP;per
Howells;NNP;per
Kabul;NNP;obj
Declaration;NNP;obj
Turkmenistan;NNP;geo
Arab;NNP;org
Emirates;NNPS;org
Kyrgyzstan;NNP;org
Lahore;NNP;geo
AFP;NNP;org
International;NNP;geo
Space;NNP;geo
Station;NNP;geo
NASA;NNP;org
Joao;NNP;per
Bernardo;NNP;per
Vieira;NNP;per
Nino;NNP;geo
Malam;NNP;org
Bacai;NNP;org
Sanha;NNP;org
Sanha;NNP;per
Portugal;NNP;geo
Viera;NNP;per
Chung;NNP;per
Dong-young;NNP;per
Seoul;NNP;org
Koreans;NNS;gpe
Petroleum;NNP;org
Exporting;NNP;org
Countries;NNPS;org
Dutch;JJ;gpe
Netherlands;NNP;geo
NRC;NNP;obj
Handelsblad;NNP;obj
Henk;NNP;per
Morsink;NNP;per
Armitage;NNP;per
Gul;NNP;per
Damascus;NNP;per
Virunga;NNP;geo
Park;NNP;geo
Wildlife;NNP;org
Direct;NNP;org
Marines;NNPS;org
Dhia;NNP;per
Najim;NNP;per
Ramadi;NNP;geo
Reporters;NNPS;org
Without;NNP;org
Borders;NNS;org
McClellan;NNP;per
Marwa;NNP;org
Kurdish;NNP;org
Kurdish;JJ;geo
Mala;NNP;geo
Omar;NNP;geo
Shorish;NNP;geo
Blocks;NNPS;geo
Akre-Bijeel;NNP;geo
Block;NNP;geo
Shaikan;NNP;geo
Rovi;NNP;geo
Sarta;NNP;geo
Dihok;NNP;geo
Adel;NNP;per
Abdul-Mahdi;NNP;per
Jill;NNP;per
Carroll;NNP;per
Lankan;NNP;org
Switzerland;NNP;geo
Lanka;NNP;org
Aegean;NNP;geo
Geodynamic;NNP;org
Kos;NNP;geo
Astypaleia;NNP;geo
Revolutionary;JJ;org
Guards;NNS;org
Qom;NNP;org
Oman;NNP;geo
Rangel;NNP;per
Michele;NNP;per
Alliot-Marie;NNP;per
Bulava;NNP;org
Jan;NNP;per
Balkenende;NNP;per
European;NNP;obj
Constitution;NNP;obj
European;JJ;gpe
Korean;JJ;geo
Peninsula;NNP;geo
Pigs;NNP;geo
Anderson;NNP;per
Ray;NNP;per
Realtors;NNPS;org
Izvestia;NNP;geo
Kremlin;NNP;org
Beslan;NNP;geo
Jennifer;NNP;per
Lopez;NNP;per
Andrei;NNP;per
Melnichenko;NNP;per
Magazine;NNP;obj
Us;NNP;obj
Style;JJ;obj
Icon;NN;obj
Year;NN;geo
Duelfer;NNP;per
Brussels;NNP;geo
Jaap;NNP;per
Hoop;NNP;per
Scheffer;NNP;per
Sol;NNP;geo
Salafist;NNP;org
Preaching;NNP;org
Combat;NNP;org
Madrid;NNP;geo
Connie;NNP;org
Newman;NNP;org
Winter;NNP;per
Beatrice;NNP;per
Mtetwa;NNP;per
Norton;NNP;geo
Sunday;NNP;org
Telegraph;NNP;org
Toby;NNP;per
Harnden;NNP;per
Julian;NNP;per
Simmonds;NNP;per
Bab;NNP;geo
Yousifiyah;NNP;geo
Marines;NNS;org
Hit;NNP;geo
Marine;NN;org
Rock;NNP;per
Roll;NNP;per
Hall;NNP;per
Fame;NNP;geo
Black;NNP;per
Sabbath;NNP;per
Lynyrd;NNP;per
Skynyrd;NNP;per
Miles;NNP;per
Blondie;NNP;org
Herb;NNP;per
Alpert;NNP;per
Jerry;NNP;per
Moss;NNP;per
A&M;NNP;org
Records;NNP;org
Cleveland;NNP;geo
Ohio;NNP;geo
Siberia;NNP;geo
Novosibirsk;NNP;geo
Dubai;NNP;geo
Asher;NNP;per
Weisgan;NNP;per
Shiloh;NNP;geo
Franz;NNP;per
Muentefering;NNP;per
Andrea;NNP;per
Nahles;NNP;per
Kajo;NNP;per
Wasserhoevel;NNP;per
Christian;NNP;org
Democrat;NNP;org
Chancellor-designate;NNP;org
Angela;NNP;per
Merkel;NNP;org
Saddam;NNP;org
Hussein;NNP;org
Ba'ath;NNP;org
Abdul-Aziz;NNP;geo
Al-Anbar;NNP;geo
Rosneft;NNP;per
Gazprom;NNP;geo
Alexei;NNP;per
Yuganskneftegaz;NNP;org
Bogdanchikov;NNP;per
Angola;NNP;geo
Democratic;NNP;geo
Uige;NNP;geo
Luanda;NNP;geo
Ethiopia;NNP;org
Electoral;NNP;org
EPRDF;NNP;org
Ellen;NNP;org
Johnson-Sirleaf;NNP;org
Weah;NNP;per
Elections;NNPS;org
Frances;NNP;per
Morris;NNP;per
Booth;NNP;per
Liberians;NNS;gpe
Philippines;NNPS;org
Filipino;NN;gpe
Staff;NNP;per
Rodrigo;NNP;per
Galam;NNP;per
Christopher;NNP;obj
Hotel;NNP;obj
Port-au-Prince;NNP;geo
UN;NNP;org
Philippine;JJ;org
Lauro;NNP;org
Baja;NNP;org
Manila;NNP;geo
IRAQ-POVERTY;NNP;event
Rep.;NNP;per
D-Ohio;NNP;geo
U.N.;NN;org
AUSTIN;NNP;per
ZALKIN;NNP;per
Zealand;NNP;geo
Niue;NNP;org
Banking;NNP;org
Repeal;NNP;org
FY08/09;NNP;geo
Gen.;NNP;per
NE;NNP;per
WIN;NNP;per
Nobel;NNP;org
Prize;NNP;org
Burmese;NNS;gpe
Cyclone;NNP;org
Nargis;NNP;org
Solidarity;NNP;org
Grenada;NNP;org
Hurricanes;NNP;org
Ivan;NNP;org
Public;NNP;per
THOMAS;NNP;org
Every;DT;time
Krygyz;JJ;gpe
Kurmanbek;NNP;per
Bakiyev;NNP;per
Manas;NNP;geo
Gates;NNP;per
Air;NNP;geo
Base;NNP;geo
Tajikistan;NNP;gpe
Uzbekistan;NNP;gpe
Kazakhstan;NNP;gpe
Aqsa;NNP;org
Beit;NNP;geo
Hanoun;NNP;geo
Sean;NNP;per
McCormack;NNP;per
Secretary;NNP;org
Warsaw;NNP;per
Jerzy;NNP;per
Szmajdzinski;NNP;per
Eight;CD;org
Scotland;NNP;geo
Ayad;NNP;per
Maliki;NNP;geo
Allawi;NNP;geo
Iraqiya;NNP;geo
Kashmiri;JJ;gpe
Asian;NNP;org
SAARC;NNP;org
Ansar;NNP;org
Chancellor;NNP;per
Gerhard;NNP;per
Schroeder;NNP;per
Baghdad;VB;geo
Farris;NNP;per
Kuwait;NNP;geo
Qalqilya;NNP;geo
Tulkarem;NNP;geo
Jenin;NNP;org
Ramallah;NNP;org
Qamdo;NNP;geo
Embassy;NNP;geo
Maoist;NNP;geo
Himalayan;NNP;geo
Embassy;NNP;org
Maoists;NNS;geo
Myanmar;NNP;geo
Exporters;NNP;org
Chookiat;NNP;org
Ophaswongse;NNP;org
Bloomberg;NNP;org
Islamabad;NNP;org
College;NNP;org
Boys;NNPS;org
Cricket;NNP;org
Shaharyar;NNP;per
Texas;NNP;org
Salman;NNP;per
Butt;NNP;per
Tulsi;NNP;per
Giri;NNP;per
Medvedev;NNP;per
Gotovina;NNP;per
Croats;NNS;gpe
War;NNP;org
Crimes;NNP;org
Tribunal;NNP;org
Cermak;NNP;per
Mladen;NNP;per
Markac;NNP;per
Krajina;NNP;geo
Western;NNP;per
Muslim;NNP;per
Austria;NNP;geo
Ursula;NNP;per
Plassnik;NNP;per
Khatami;NNP;per
Shirin;NNP;per
Ebadi;NNP;per
USA;NNP;obj
Today;NNP;obj
Jazeera;NNP;org
Zarqawi;NNP;geo
Hamza;NNP;org
Muhajer;NNP;org
Cubans;NNS;gpe
Havana;NNP;geo
Universal;NNP;org
Declaration;NNP;org
Luther;NNP;per
Olusegun;NNP;per
Obasanjo;NNP;per
Abuja;NNP;per
Nuclear;NNP;org
Non-Proliferation;NNP;org
Treaty;NNP;org
Shebaa;NNP;geo
Farms;NNP;geo
Thabo;NNP;per
Mbeki;NNP;per
ANC;NNP;org
Mbeki;NNP;org
Jacob;NNP;per
Zuma;NNP;per
Merkel;NNP;per
Dresden;NNP;geo
Merkel;NNP;geo
Christian;NNP;geo
Democrats;NNPS;geo
Dresden;NNP;time
Hanover;NNP;geo
Social;NNP;geo
Ban;NNP;org
Marine;NNP;org
Asadabad;NNP;geo
Guatemala;NNP;geo
El;NNP;per
Salvador;NNP;per
Costa;NNP;per
Rica;NNP;per
Dawei;NNP;geo
Dawei;NNP;org
KNU;NNP;org
Zardari;NNP;per
Cameron;NNP;per
Chequers;NNP;geo
Le;NNP;per
Monde;NNP;per
Csongrad;NNP;geo
County;NNP;geo
Hungary;NNP;geo
Hungarian;JJ;gpe
Cary;NNP;geo
Carolina;NNP;geo
Bruce;NNP;per
Arena;NNP;per
Morocco;NNP;geo
Nashville;NNP;geo
Tennessee;NNP;geo
Hartford;NNP;geo
Connecticut;NNP;geo
Czech;JJ;gpe
Ghana;NNP;geo
Askar;NNP;per
Akayev;NNP;per
Telesur;NNP;org
Argentina;NNP;geo
Uruguay;NNP;geo
Connie;NNP;per
Mack;NNP;per
Verkhovna;NNP;org
Rada;NNP;org
Yushchenko;NNP;per
Belgian;JJ;gpe
Justine;NNP;per
Henin-Hardenne;NNP;per
Francesca;NNP;per
Schiavone;NNP;per
Open;NNP;org
Open;NN;org
Blake;NNP;per
Nikolay;NNP;per
Davydenko;NNP;per
Igor;NNP;geo
Andreev;NNP;geo
Andreas;NNP;per
Seppi;NNP;per
Breeze;NNP;org
Armenia;NNP;geo
Azerbaijan;NNP;gpe
Armenian;JJ;gpe
Azerbaijani;NNP;geo
Ukraine;NNP;gpe
New;NNP;gpe
York;NNP;gpe
Mayor;NNP;per
Bloomberg;NNP;per
Toussaint;NNP;per
Phnom;NNP;org
Penh;NNP;org
Cambodia;NNP;geo
Foundation;NNP;per
H.I.V./AIDS;NNP;per
Initiative;NNP;per
Muse;NNP;per
Bakara;NNP;geo
Hizbul;JJ;per
Islam;NNP;per
Microsoft;NNP;org
Hanoi;NNP;org
Phan;NNP;per
Van;NNP;per
Khai;NNP;per
Tran;NNP;per
Duc;NNP;per
Luong;NNP;per
Hanoi;NNP;geo
Intel;NNP;org
Kandani;NNP;per
Ngwira;NNP;per
Malawi;NNP;gpe
Weekly;NNP;org
Malawian;JJ;gpe
Willy;NNP;per
Mwaluka;NNP;per
Blantyre;NNP;geo
Lilongwe;NNP;geo
Blantyre;NNP;org
Newspapers;NNP;org
Limited;NNP;org
Brigades;NNS;org
Alexei;NNP;org
Alexeyenko;NNP;org
Valery;NNP;per
Sitnikov;NNP;per
Asians;NNS;gpe
Pyongyang;NNP;geo
Choe;NNP;org
Su;NNP;org
Hon;NNP;org
Christopher;NNP;org
Hill;NNP;org
Kyodo;NNP;geo
Governor;NNP;org
Arnold;NNP;org
Schwarzenegger;NNP;org
Stanley;NNP;per
Tookie;NNP;per
Crips;NNP;geo
Ayatollah;NNP;org
Ali;NNP;org
Khamenei;NNP;org
Yazdi;NNP;per
Mohammad;NNP;per
Akbar;NNP;org
Hashemi;NNP;org
Rafsanjani;NNP;org
Bager;NNP;per
Qalibaf;NNP;per
Mahmoud;NNP;geo
Ahmadinejad;NNP;geo
Guardians;NNPS;org
Nasrallah;NNP;per
Munich;NNP;org
Melinda;NNP;per
Smith;NNP;per
Uribana;NNP;geo
Hooper;NNP;per
Canadian;NNP;org
Service;NNP;org
Ottawa;NNP;geo
Pakistan;NNP;time
Suriname;NNP;geo
OAS;NNP;org
Desi;NNP;per
Bouterse;NNP;per
Parkinson;NNP;geo
Qalqiliya;NNP;geo
Bethlehem;NNP;geo
Maale;NNP;geo
Adumin;NNP;geo
Michoacan;NNP;geo
Muslim;NNP;time
Ramadan;NNP;time
Ariel;NNP;org
Netanyahu;NNP;per
Baidoa;NNP;org
Jowhar;NNP;org
IGAD;NNP;org
Saudi;JJ;org
Mecca;NNP;geo
Omra;NNP;geo
Westerners;NNS;org
Jean;NNP;per
Bertrand;NNP;per
Aristide;NNP;per
Yvon;NNP;per
Neptune;NNP;per
Jocelerme;NNP;per
Privert;NNP;per
Eritrea;NNP;org
Dujail;NNP;geo
Prime;JJ;per
Minister;NN;per
Saad;NNP;per
Rafiq;NNP;per
Western;JJ;per
Statistics;NNPS;org
Recep;NNP;per
Tayyip;NNP;per
Erdogan;NNP;per
Diyarbakir;NNP;geo
Hakkari;NNP;geo
Kurds;NNS;gpe
Recife;NNP;org
Petroleos;NNP;org
PDVSA;NNP;org
Paraguay;NNP;geo
Twitter;NNP;obj
Twitter;NNP;org
Facebook;NNP;obj
Facebook;NNP;org
Google;NNP;obj
Keys;NNPS;geo
District;NNP;per
Federico;NNP;per
Moreno;NNP;per
Sheikh;NNP;per
Khalaf;NNP;per
Bangalore;NNP;geo
Anil;NNP;per
Kumble;NNP;per
Mengistu;NNP;per
Haile;NNP;per
Mariam;NNP;per
Colonel;NNP;org
Mengistu;NNP;org
Addis;NNP;geo
Ababa;NNP;geo
Zimbabwe;VB;geo
Banghazi;NNP;geo
Libya;NNP;geo
Abdullahi;NNP;per
Abdi;NNP;per
Sibghatullah;NNP;per
Mujaddedi;NNP;per
Albanians;NNS;gpe
Qari;NNP;per
Yousaf;NNP;per
Mullah;NNP;per
Srinagar;NNP;geo
Shmatko;NNP;per
Masud;NNP;per
Mir-Kazemi;NNP;per
Fargo;NNP;per
Mercy;NNP;per
Joseph;NNP;org
Tomb;NNP;org
Shimon;NNP;per
Peres;NNP;per
Mohmmed;NNP;per
Dahlan;NNP;per
Fox;NNP;obj
News;NNP;obj
Thad;NNP;per
Allen;NNP;per
Orleans;NNP;geo
Airlines;NNPS;org
Baotou;NNP;geo
Inner;NNP;geo
Mongolia;NNP;geo
CRJ-200;NNP;obj
CRJ-200s;NNPS;obj
Mohmand;NNP;geo
Aktham;NNP;per
Naisse;NNP;per
Martin;NNP;org
Ennals;NNP;org
Foundation;NNP;org
Naise;NNP;org
Damascus;NNP;geo
Defense;NN;org
Liberties;NNS;org
Human;JJ;org
Rights;NNS;org
Representative;NNP;org
Zahedan;NNP;geo
Sunni;NNP;per
Jundollah;NNP;org
Sistan-Baluchistan;NNP;geo
Badr;NNP;per
Rashid;NNP;per
Waheed;NNP;per
Arshad;NNP;per
Mir;NNP;geo
Ali;NNP;geo
Kye-gwan;NNP;per
Koreas;NNP;time
COLUMBUS;NNP;per
CASTRO;NNP;per
US;NNP;org
Straits;NNS;geo
Cote;NNP;gpe
Club;NNP;geo
Five;CD;time
US-backed;JJ;geo
ROK;NNP;geo
DPRK;NNP;geo
KIM;NNP;per
Il;NNP;per
Sung;NNP;per
DPRK;NNP;org
Pyongyang;NNP;per
Jong;NNP;per
KIM;NNP;org
Jong;NNP;org
Un;NNP;org
WMD;NNP;org
Czech;JJ;geo
Great;NNP;org
Dane;NNP;org
Gate;NN;geo
Heaven;NNP;geo
Savo;NNP;per
Todovic;NNP;per
Dom;NNP;org
Foca;NNP;geo
Bosnia-Herzegovina;NNP;geo
Dayton;NNP;org
Accord;NNP;org
G8;NNP;org
Oviedo;NNP;geo
Catalonia;NNP;geo
Queen;NNP;per
Sofia;NNP;per
Girona;NNP;geo
Barcelona;NNP;geo
Catalonians;NNS;gpe
Catalonia;NNP;gpe
Separatist;NNP;org
Spaniards;NNS;gpe
Tenerife;NNP;org
Palma;NNP;org
Southeast;NNP;geo
Gulbuddin;NNP;org
Hekmatyar;NNP;org
Merajudeen;NNP;org
Patan;NNP;org
Paktia;NNP;geo
Immigration;NNP;org
Customs;NNP;org
Enforcement;NNP;org
Ysidro;NNP;geo
Diego;NNP;geo
Thanksgiving;NNP;time
Automobile;NNP;org
Indians;NNS;gpe
Bolivia;NNP;org
Toward;NNP;org
Socialism;NNP;org
MAS;NNP;org
PODEMOS;NNP;org
Chad;NNP;geo
Idriss;NNP;per
Deby;NNP;per
Constitution;NNP;org
Mohamuud;NNP;per
Musse;NNP;per
Gurage;NNP;per
Kismayo;NNP;geo
Lower;NNP;geo
Abdulkadir;NNP;org
Yahya;NNP;org
Brigadier-General;NNP;per
Don;NNP;per
Eid;NNP;org
Al-Adha;NNP;org
Tareq;NNP;per
Bush;NNP;time
Jewish;NNP;org
Jews;NNPS;per
Ural;NNP;org
Emergency;NNP;org
Situations;NNP;org
Mediterranean;NNP;geo
Chelyabinsk;NNP;geo
Eid;NNP;geo
Jama;NNP;per
Masjid;NNP;per
Eid;NNP;per
Bihar;NNP;org
Bengal;NNP;org
Karnataka;NNP;geo
Kerala;NNP;geo
Romania;NNP;per
Bulgaria;NNP;geo
Ivaylo;NNP;per
Kalfin;NNP;per
Seven;NNP;org
I;NNP;org
Holdings;NNPS;org
Seibu;NNP;org
Sogo;NNP;org
Millennium;NNP;geo
Retailing;NNP;geo
Nomura;NNP;org
Securities;NNPS;org
Millennium;NN;geo
Night;NNP;time
Belfort;NNP;geo
Lyon;NNP;geo
CPJ;NNP;org
Ben;NNP;per
Hausa;NNP;org
AIDs;NNP;org
Ebola;NNP;geo
Ashraf;NNP;geo
Haidari;NNP;geo
Hamed;NNP;per
Aberrahman;NNP;per
U.S;NNP;org
Srebrenica;NNP;time
Fred;NNP;per
Eckhard;NNP;per
Cavic;NNP;per
Bosnia;NNP;geo
Raouf;NNP;per
Abdel;NNP;per
Rahman;NNP;per
Tomas;NNP;per
Ojea;NNP;per
Quintana;NNP;per
Argentine;JJ;gpe
Nacion;NNP;org
Hilda;NNP;per
Molina;NNP;per
Nestor;NNP;per
Kirchner;NNP;per
Vasilily;NNP;per
Filipchuk;NNP;per
Novosti;NNP;geo
Sonntags-Blick;NNP;obj
Romania;NNP;geo
Manouchehr;NNP;per
Mottaki;NNP;per
Prince;NNP;per
Jeddah;NNP;geo
Los;NNP;org
Angeles;NNP;org
Haroon;NNP;org
Rashid;NNP;org
Aswat;NNP;org
Aswat;NNP;geo
Relief;NNP;org
Coordinator;NNP;org
Egeland;NNP;per
Public;NNP;org
Servants;NNP;org
Baloyi;NNP;per
Lima;NNP;geo
Amazon;NNP;geo
Darfur;NNP;time
Janjaweed;NNP;geo
Khartoum;NNP;time
Ma;NNP;per
Ying-jeou;NNP;per
Chen;NNP;per
Shui-bian;NNP;per
Taipei;NNP;geo
Tibetan;JJ;gpe
Dalai;NNP;geo
Lama;NNP;geo
Mumbai;NNP;geo
Dharamsala;NNP;geo
Ramallah;NNP;time
Elliott;NNP;per
Abrams;NNP;per
Welch;NNP;per
Adumim;NNP;geo
Barroso;NNP;per
A.U.;NNP;org
Baba;NNP;org
Gana;NNP;org
Kingibe;NNP;org
Salim;NNP;per
Sikhs;NNS;gpe
Sikh;NNP;org
Coalition;NNP;org
Coalition;NN;org
TSA;NNP;org
Commons;NNP;org
Clarke;NNP;per
Bulgarian;JJ;gpe
Arab;NNP;per
Mizhar;NNP;per
Free;NNP;org
Progressive;NNP;org
Buddhist;NNP;org
Summit;NNP;org
Lao;JJ;gpe
Bounnyang;NNP;per
Vorachit;NNP;per
Nenbutsushu;NNP;geo
Buddhist;NNP;geo
Dimona;NNP;geo
Mordechai;NNP;geo
Vanunu;NNP;geo
Karzai;NNP;geo
Bin;NNP;per
Al-Jazeera;NNP;geo
War;NNP;time
Pyongyang;NNP;org
Khalid;NNP;org
Sheikh;NNP;org
Mohammed;NNP;org
Pearl;NNP;geo
Canal;NNP;geo
Gujarat;NNP;geo
Aboul;NNP;per
Gheit;NNP;per
Younes;NNP;per
Chernobyl;NNP;geo
CNBC;NNP;org
Closing;NNP;org
Bell;NNP;org
Naqba;NNP;geo
Total;NNP;geo
Statoil;NNP;geo
BP;NNP;geo
U.S.-based;JJ;org
Chevron;NNP;org
Orinoco;NNP;org
Basin;NNP;org
Accountability;NNP;org
GAO;NNP;org
Martyrs;NNPS;org
Brigades;NNPS;org
Iranians;NNS;gpe
Mohammad;NNP;org
Hassan;NNP;org
Aboutorabi-Fard;NNP;org
Ahmadinejad;NNP;org
Esfandiar;NNP;per
Rahim;NNP;per
Mashaie;NNP;per
Major-General;NNP;org
Khin;NNP;org
Maung;NNP;org
Industry;NNP;org
Thein;NNP;org
Thun;NNP;org
Aye;NNP;org
Frontier;NNP;org
Zamir;NNP;per
Dar;NNP;per
Baluchistan;NNP;org
Kohlu;NNP;geo
Caterpillar;NNP;org
Grenoble;NNP;geo
Benoit;NNP;per
Nicaragua;NNP;geo
Central;NNP;obj
American;NNP;obj
Free;NNP;obj
Trade;NNP;obj
Agreement;NNP;obj
Deputy;NNP;org
Spokesman;NNP;org
Adam;NNP;org
Ereli;NNP;org
Robert;NNP;org
Zoellick;NNP;org
Honduras;NNP;geo
Dominican;NNP;geo
Hosseini;NNP;per
Bolton;NNP;per
John;NNP;geo
F.;NNP;geo
Kennedy;NNP;geo
Nicolas;NNP;geo
Maduro;NNP;geo
Milomir;NNP;per
Stakic;NNP;per
Prijedor;NNP;geo
Chile;NNP;geo
Santiago;NNP;geo
Augusto;NNP;org
Michelle;NNP;per
Bachelet;NNP;per
Kurd;NNP;geo
Jaafari;NNP;per
Leigh;NNP;per
Cabinet;NNP;org
Naked;NNP;obj
Secrets;NNP;obj
Lies;NNP;obj
Sam;NNP;org
Spiegel;NNP;org
Film;NNP;org
Renen;NNP;per
Schorr;NNP;per
Bangladesh;NNP;org
UNICEF;NNP;org
Than;NNP;obj
Him;NNP;obj
Ugandans;NNS;gpe
Peruvian;NN;gpe
Fathi;NNP;per
Mercantile;NNP;org
Exchange;NNP;org
Ahmet;NNP;per
Necdet;NNP;per
Sezer;NNP;per
Khyber;NNP;geo
Pakhtunkhwa;NNP;geo
Dir;NNP;geo
Swat;NNP;per
Valley;NNP;per
Harare;NNP;geo
Zimbabwe;NNP;org
Bobbie;NNP;per
Marie;NNP;per
Vihemina;NNP;per
Prout;NNP;per
Wellington;NNP;per
Chibebe;NNP;per
South;JJ;geo
Nikolai;NNP;per
Alexeyev;NNP;per
Luzhkov;NNP;per
Dmitry;NNP;per
Harare;NNP;org
COSATU;NNP;org
Theodor;NNP;per
Guttenberg;NNP;per
Inspector;NNP;org
Wolfgang;NNP;org
Schneiderhan;NNP;org
Kunduz;NNP;geo
Siirt;NNP;geo
Sultanate;NNP;org
Brunei;NNP;geo
Borneo;NNP;geo
Philippines;NNP;geo
Brunei;NNP;org
Arawak;NNP;time
Carib;NNP;org
Virgin;NNP;org
Islands;NNP;org
Dutch;NNS;gpe
English;NNS;gpe
Leeward;NNP;org
Timber;NNP;time
El;NNP;geo
Salvador;NNP;geo
Khakrez;NNP;geo
Creole;NNP;org
Creole;NNP;obj
English;NNP;obj
Ronald;NNP;per
Cesar;NNP;per
AM;NNP;obj
Lisa;NNP;per
Bryant;NNP;per
Garikoitz;NNP;org
Aspiazu;NNP;org
Rubina;NNP;org
Pyrenees;NNP;geo
Txeroki;NNP;geo
Basque;NNP;geo
Samarra;NNP;geo
Al;NNP;geo
Motors;NNP;org
Chrysler;NNP;per
GM;NNP;org
Cerberus;NNP;org
Capital;NNP;org
Management;NNP;org
Detroit;NNP;geo
Big;NNP;org
Ford;NNP;per
Nissan;NNP;per
Renault;NNP;per
Unites;NNP;geo
Climate;NNP;org
Change;NNP;org
Montreal;NNP;geo
Kyoto;NNP;org
Protocol;NNP;org
Three;CD;time
Cite;NNP;org
Soleil;NNP;org
Jean-Bertrand;NNP;per
Cabinet;NNP;geo
Edouard;NNP;per
Alexis;NNP;per
Abdurrahman;NNP;per
Yalcinkaya;NNP;per
Society;NNP;org
DTP;NNP;org
Grand;NNP;per
Kizza;NNP;org
Besigye;NNP;org
Kampala;NNP;org
Bosco;NNP;org
Katutsi;NNP;org
Mohsen;NNP;geo
Tasalouti;NNP;geo
Saeedlou;NNP;per
Sadeq;NNP;org
Mahsouli;NNP;org
Guards;NNP;org
Nobel;NNP;per
Amir;NNP;per
Peretz;NNP;per
Rowhani;NNP;per
Agha-Mohammadi;NNP;per
IRNA;NNP;org
Rowhani;NNP;org
Than;NNP;per
Shwe;NNP;per
Somalia;NNP;org
Gun;NNP;per
Drugs;NNP;org
Crime;NNP;org
Antonio;NNP;org
Maria;NNP;org
Costa;NNP;org
Wardak;NNP;geo
Hudson-Dean;NNP;per
Pretoria;NNP;geo
Pretoria;NNP;org
Serena;NNP;per
Camille;NNP;per
Pin;NNP;per
Lindsay;NNP;org
Davenport;NNP;org
Karolina;NNP;per
Sprem;NNP;per
Maria;NNP;per
Sharapova;NNP;per
Ashley;NNP;per
Harkleroad;NNP;per
Nadia;NNP;per
Petrova;NNP;per
Belgium;NNP;geo
Andy;NNP;per
Roddick;NNP;per
Wesley;NNP;per
Moodie;NNP;per
Ljubicic;NNP;per
Gaston;NNP;per
Gaudio;NNP;per
Naval;NNP;geo
Jean-Baptiste;NNP;per
Natama;NNP;per
Rumbo;NNP;org
Propio;NNP;org
Lara;NNP;per
Brownfield;NNP;per
Macedonian;JJ;gpe
Vlado;NNP;per
Buckovski;NNP;per
Yasser;NNP;per
Arafat;NNP;per
Shaath;NNP;per
Nasser;NNP;per
Shaath;NNP;org
London-based;JJ;org
Kalameh;NNP;per
Sabz;NNP;per
Hossein;NNP;per
Mousavi;NNP;per
Port;NNP;geo
Harcourt;NNP;geo
Bilfinger;NNP;org
Berger;NNP;org
Jamaicans;NNS;gpe
Asafa;NNP;per
Powell;NNP;per
Usain;NNP;per
Bolt;NNP;per
DN;NNP;event
Galan;NNP;event
Stockholm;NNP;geo
Olympics;NNPS;geo
Tyson;NNP;per
Gay;NNP;per
Jendayi;NNP;org
Frazer;NNP;org
Cancun;NNP;geo
Seattle;NNP;geo
Krzyzewski;NNP;per
Duke;NNP;org
USA;NNP;org
Basketball;NNP;org
Players;NNPS;org
NBA;NNP;org
World;NNP;time
Championship;NNP;time
Eritrean;JJ;gpe
Qin;NNP;per
Gang;NNP;per
Manfred;NNP;per
Nowak;NNP;per
Xinjiang;NNP;geo
Popovkin;NNP;per
Forces;NNP;geo
Warsaw;NNP;org
Pact;NNP;org
Cabinet;NNP;per
Nearly;RB;time
Policy;NNP;org
Javier;NNP;per
Solana;NNP;per
Nader;NNP;org
Shaban;NNP;org
Tung;NNP;per
Chee-hwa;NNP;per
Morning;NNP;org
Javed;NNP;per
Mosque;NNP;geo
Romanian;JJ;gpe
Nasiriyah;NNP;org
Rusafa;NNP;geo
Koran;NNP;org
Jalalabad;NNP;geo
Newsweek;NNP;org
Campaign;NN;org
Cross;NNP;geo
Puebla;NNP;geo
Texmelucan;NNP;per
Hamm;NNP;per
Gymnastics;NNP;org
Oleksander;NNP;org
Horobets;NNPS;org
Dera;NNP;geo
Ismail;NNP;geo
Pekanbara;NNP;geo
Jakarta;NNP;per
Yudhyono;NNP;per
Phil;NNP;per
Spector;NNP;per
Devra;NNP;per
Robitaille;NNP;per
Lana;NNP;per
Clarkson;NNP;per
Raich;NNP;per
Wengen;NNP;geo
Bode;NNP;per
Kjetil;NNP;org
Andre;NNP;org
Aamodt;NNP;org
Norway;NNP;org
Fill;NNP;per
Taji;NNP;org
Rizgar;NNP;per
Amin;NNP;per
Football;NNP;org
Alabama;NNP;geo
NFL;NNP;org
Women;NNP;org
WNBA;NNP;org
Indiana;NNP;geo
Baseball;NNP;org
Dodger;NNP;org
Stadium;NNP;org
Kabila;NNP;per
Walikale;NNP;geo
Rwandan;JJ;gpe
Hutu;NNP;per
Tutsis;NNP;geo
Rwanda;NNP;geo
Buhriz;NNP;org
Hib;NNP;org
Dinesh;NNP;org
Dharmendra;NNP;org
Rajaratnam;NNP;org
Hatf;NNP;org
Six;CD;org
Strategic;NNP;geo
Organization;NNP;geo
Ohrid;NNP;geo
Southeast;NNP;org
Europe;NNP;org
Ministers;NNP;org
Budapest;NNP;geo
Macedonia;NNP;gpe
Greece;NNP;org
Kosovo;NNP;time
Pristina;NNP;geo
Istanbul;NNP;geo
Kalma;NNP;geo
Atwood;NNP;per
Yi;NNP;per
Suli;NNP;per
Elaine;NNP;per
Lu;NNP;per
Atlantic;JJ;geo
Epsilon;NNP;per
Bermuda;NNP;geo
Greek;NNP;obj
Ciudad;NNP;geo
Juarez;NNP;geo
El~Paso;NNP;geo
Typhoon;NNP;event
Longwang;NNP;event
Fuzhou;NNP;geo
Fujian;NNP;geo
Hanjiang;NNP;geo
Yangtze;NNP;org
River;NNP;org
Hubei;NNP;geo
Kashmir;NNP;gpe
Kel;NNP;geo
Indian;NNP;org
Kashmir;NNP;org
India;NNP;gpe
Koksal;NNP;per
Toptan;NNP;per
Joe;NNP;per
Biden;NNP;per
Lawn;NNP;org
Gloria;NNP;org
Estefan;NNP;org
Marc;NNP;per
Anthony;NNP;per
Feliciano;NNP;per
Thalia;NNP;geo
President-elect;NNP;per
Departments;NNS;org
Klain;NNP;per
Interpol;NNP;geo
Dmitri;NNP;per
Duma;NNP;org
Taiwan;NNP;org
Ramstein;NNP;geo
Jim;NNP;per
Ayman;NNP;org
Nour;NNP;org
Tomorrow;NN;time
Ghad;NNP;org
Noaman;NNP;org
Gomaa;NNP;org
Wafd;NNP;org
OPEC;NNP;org
Rafael;NNP;per
Ramirez;NNP;per
Opec;NNP;org
Ghana;NNP;org
L'Aquila;NNP;geo
Accra;NNP;geo
Ghanaian;JJ;gpe
Atta-Mills;NNP;per
Shah;NNP;per
Paktiawal;NNP;per
Brasilia;NNP;geo
Saudia;NNP;geo
Mass;NNP;event
Church;NNP;org
Peace;NNP;event
Foreman;NNP;per
China;NNP;obj
Vladivostok;NNP;time
Disasters;NNP;org
Mussa;NNP;per
Ecweru;NNP;per
Swahili;NNP;geo
Bududa;NNP;geo
Mount;NNP;geo
Elgon;NNP;geo
Transport;NN;org
Australian;NN;gpe
Andrew;NNP;per
Myuran;NNP;per
Sukumaran;NNP;per
Australians;NNS;gpe
Schapelle;NNP;per
Corby;NNP;per
Triumf;NNP;org
Riza;NNP;org
Joachim;NNP;per
Ruecker;NNP;per
Uganda;NNP;org
Kakooza;NNP;per
Entebbe;NNP;geo
Cape;NNP;geo
Verde;NNP;geo
Mauritius;NNP;geo
Saudi;JJ;per
Riyadh;NNP;org
Abdallah;NNP;per
Technology;NNP;org
Arabia;NNP;per
WTO;NNP;org
Sinhalese;NN;org
B.C.;NNP;time
Buddhism;NNP;obj
Anuradhapura;NNP;geo
Polonnaruwa;NNP;geo
Portuguese;NNS;gpe
British;JJ;org
Ceylon;NNP;org
Liberation;NN;org
Tigers;NNS;org
Eelam;NNP;org
LTTE;NNP;org
NZ;NNP;geo
Treaty;NNP;geo
Waitangi;NNP;geo
Victoria;NNP;per
Belarus;NNP;org
Since;IN;time
Minsk;NNP;geo
IMF;NNP;org
Common;JJ;org
Belarusian;JJ;gpe
Hunter;NNP;per
Malaria;NNP;org
Radhia;NNP;per
Achouri;NNP;per
Geneina;NNP;geo
Yanukovych;NNP;per
Edward;NNP;per
Kennedy;NNP;per
Massachusetts;NNP;org
Convention;NNP;org
F.;NNP;per
Denmark;NNP;geo
Copenhagen;NNP;geo
Bosnian;NN;gpe
Sarajevo;NNP;geo
Anbar;NNP;org
Florence;NNP;per
Aubenas;NNP;per
Sahibzada;NNP;org
Anis;NNP;per
Parachinar;NNP;geo
Kurram;NNP;org
Bucharest;NNP;geo
Milososki;NNP;per
W.;NNP;per
Macedonian;NNP;org
MIA;NNP;org
Nikola;NNP;per
Gruevski;NNP;per
Yugoslav;JJ;gpe
Koran;NNP;geo
Postsays;NNPS;org
J.;NNP;per
Belarus;NNP;geo
Milinkevich;NNP;per
Minsk;NNP;per
Vintsuk;NNP;org
Vyachorka;NNP;org
Lukashenko;NNP;per
Soviet;JJ;geo
Special;JJ;org
Reconstruction;NNP;org
Authorization;NNP;org
Fiscal;NNP;org
Vaclav;NNP;per
Havel;NNP;per
Prague;NNP;geo
NATO-led;JJ;org
Directorate;NNP;org
ISAF;NNP;org
Nguyen;NNP;per
Huy;NNP;per
Nga;NNP;per
Guizhou;NNP;geo
Guangdong;NNP;geo
Wal-Mart;NNP;org
Wal-Marts;NNP;geo
Lagos;NNP;per
Abuja;NNP;geo
Goodluck;NNP;per
Jonathan;NNP;per
Mahmud;NNP;per
Khaled;NNP;per
Mashaal;NNP;per
Chechnya;NNP;geo
Grozny;NNP;geo
Turk;NN;gpe
Georgian;NN;gpe
Chechen;JJ;gpe
Ramzan;NNP;per
Kadyrov;NNP;per
Atomstroyexport;NNP;geo
Moscow;NNP;time
Interfax;NNP;geo
Krivtsov;NNP;per
Ronaldo;NNP;per
Sardenberg;NNP;per
Lori;NNP;per
Berenson;NNP;per
Tupac;NNP;org
Amaru;NNP;org
Riyadh;NNP;per
Cheecha;NNP;geo
Watni;NNP;geo
Multan;NNP;geo
Sipah-e-Sahaba;NNP;geo
Major-General;NNP;per
Jason;NNP;per
Kamiya;NNP;per
Mitchell;NNP;per
Spear;NNP;time
Karabilah;NNP;geo
Zalmay;NNP;geo
Khalilzad;NNP;geo
Vines;NNP;org
Ilam;NNP;geo
Barham;NNP;per
Saleh;NNP;per
Sarabjit;NNP;per
Sam;NNP;geo
Houston;NNP;geo
Purple;NNP;org
Hearts;NNS;org
Christmas;NNP;time
Patriot;NNP;org
Samuel;NNP;org
Alito;NNP;org
Kadima;NNP;geo
Ingushetia;NNP;geo
Nazran;NNP;geo
Zyazikov;NNP;per
KGB;NNP;org
Arsamokov;NNP;per
Ossetia;NNP;geo
Ingush;NNP;geo
Orthodox;NNP;geo
Christians;NNPS;geo
Abdel-Rahman;NNP;per
Khalil;NNP;per
Sapporo;NNP;geo
Hokkaido;NNP;geo
Johnston;NNP;per
Western;JJ;geo
Yorkers;NNPS;geo
Year;NNP;geo
Ereli;NNP;per
WFP;NNP;org
Vollsmose;NNP;geo
Odense;NNP;geo
Lene;NNP;per
Espersen;NNP;per
Dane;NN;gpe
Afghanis;NNP;time
Malakand;NNP;geo
Biakand;NNP;org
Korangal;NNP;geo
Mirror;NNP;org
Nuevo;NNP;geo
Laredo;NNP;geo
Garza;NNP;per
Major;NNP;org
Shaukat;NNP;org
Sultan;NNP;org
Musharraf;NNP;geo
Rashid;NN;per
Rauf;NNP;per
Services;NNPS;org
Supply;NNP;org
Shopping;NNP;org
Centers;NNP;org
Janice;NNP;per
Karpinski;NNP;per
Private;NNP;org
First;NNP;org
Class;NNP;org
Lynndie;NNP;org
England;NNP;org
Line;NNP;org
Pascal;NNP;org
Kabungulu;NNP;org
Kibembi;NNP;org
Heirs;NNP;org
Kivu;NNP;geo
Kabungulu;NNP;geo
Bukavu;NNP;geo
Dakar;NNP;geo
Ricci;NNP;per
Shryock;NNP;per
Bagram;NNP;geo
Ghazni;NNP;geo
Enlargement;NNP;org
Rehn;NNP;per
Stabilization;NNP;org
Agreement;NNP;org
Ratko;NNP;per
Mladic;NNP;per
Accords;NNP;org
East;JJ;geo
Portoroz;NNP;geo
Jaap;NNP;org
Hoop;NNP;org
Scheffer;NNP;org
Algiers;NNP;geo
Rostov-on-Don;NNP;geo
Secretary-General;NNP;per
Telesur;NNP;geo
Communications;NNP;org
Congressman;NNP;per
Engineers;NNPS;org
Louis;NNP;geo
Armstrong;NNP;geo
Airport;NNP;geo
Dhangadi;NNP;geo
Nepalese;JJ;gpe
Kuala;NNP;org
Lumpur;NNP;org
Taro;NNP;org
Aso;NNP;org
Nad;NNP;geo
Marjah;NNP;geo
Advisor;NNP;org
Jones;NNP;per
Secretary;NN;org
State;NN;org
Trincomalee;NNP;geo
Nesterenk;NNP;per
Great;NNP;geo
Admiral;NNP;org
Chabanenko;NNP;org
Iskandariyah;NNP;geo
Raad;NNP;per
Tayseer;NNP;per
Tikrit;NNP;geo
Crescent;NNP;org
Al-Nida;NNP;org
Mosque;NNP;org
Endeavouron;NNP;geo
Kibo;NNP;org
Dextre;NNP;org
Emile;NNP;per
Lahoud;NNP;per
Oslo;NNP;geo
Geneva;NNP;geo
Durban;NNP;geo
Western;NNP;org
Ki-moon;NNP;org
Army;NN;per
Rish;NNP;org
Ashfaq;NNP;org
Parvez;NNP;org
Kayani;NNP;org
Lubanga;NNP;per
Fatou;NNP;per
Bensouda;NNP;per
Stuart;NNP;per
Herrington;NNP;per
TF-121;NNP;org
Mexico;NNP;org
Institutional;NNP;org
Madrazo;NNP;per
Everado;NNP;per
PRI;NNP;org
Tobasco;NNP;geo
Arturo;NNP;per
Montiel;NNP;per
Vicente;NNP;per
Fox;NNP;per
Action;NNP;org
Andres;NNP;org
Manual;NNP;org
Lopez;NNP;org
Obrador;NNP;org
Obrador;NNP;per
Congressional;NNP;org
Harry;NNP;per
Reid;NNP;per
Brown;NNP;per
Imam;NNP;per
Imam;NN;org
Shia;NNP;org
Ofakim;NNP;geo
Symonds;NNP;per
R.;NNP;per
P.;NNP;per
Harbhajan;NNP;per
Hogg;NNP;per
Brett;NNP;per
Aussies;NNS;gpe
Perth;NNP;geo
Tajouri;NNP;geo
Darfur;NNP;org
Joey;NNP;per
Cheek;NNP;per
Dana;NNP;per
Perino;NNP;per
Winter;NNP;time
Olympics;NNPS;time
Team;NNP;org
Tusk;NNP;per
Polska;NNP;geo
Junoon;NNP;org
Urdu;NNP;geo
Falu;NNP;per
Ravi;NNP;per
Khanna;NNP;per
Ethnomusicologist;NNP;org
Brian;NNP;per
Q.;NNP;per
Silver;NNP;per
Nabarro;NNP;per
Astana;NNP;geo
A.U.;NNP;geo
Al-Fasher;NNP;geo
Negroponte;NNP;org
Senegalese;JJ;gpe
Mirwaiz;NNP;org
Umar;NNP;org
Farooq;NNP;org
Musharraf;NNP;org
Kashmiris;NNP;geo
Crimean;JJ;gpe
Dodd;NNP;per
Edwards;NNP;per
Tom;NNP;org
Vilsack;NNP;org
Dennis;NNP;org
Kucinich;NNP;org
Ohio;NNP;org
Hillary;NNP;geo
Rodham;NNP;geo
Clinton;NNP;geo
Barack;NNP;geo
Putin;NNP;org
Mail;NNP;time
Patricia;NNP;per
Poleo;NNP;per
Nelson;NNP;per
Mezerhane;NNP;per
Danilo;NNP;geo
Anderson;NNP;geo
Eugenio;NNP;org
Anez;NNP;org
Nunez;NNP;org
Romani;NNP;per
Sindh;NNP;geo
ANP;NNP;org
Interior;NNP;geo
Rehman;NNP;per
Shanksville;NNP;geo
Pennsylvania;NNP;geo
M.;NNP;per
Morshed;NNP;per
LDP;NNP;org
Yomiuri;NNP;org
Ecuador;NNP;gpe
Argentina;NNP;gpe
Brazil;NNP;gpe
Paraguay;NNP;gpe
Uruguay;NNP;gpe
Chile;NNP;gpe
Jawed;NNP;per
Ludin;NNP;per
Dostum;NNP;per
Channel;NNP;geo
Guernsey;NNP;geo
Jamaican;JJ;gpe
Jamaica;NNP;geo
Jamaica;NNP;org
Debt;NNP;org
JDX;NNP;org
Standby;NNP;org
Agreement;NN;org
GOLDING;NNP;org
Pul-e-Charkhi;NNP;obj
Al-Shabab;NNP;org
Islamists;NNS;per
Trent;NNP;per
Lott;NNP;per
FEMA;NNP;org
Homeland;NNP;org
Witt;NNP;per
Bengal;NNP;geo
Bulgaria;NNP;org
Suleyman;NNP;per
Demirel;NNP;per
Yahya;NNP;per
Aysegul;NNP;per
Esenler;NNP;per
Bourgas;NNP;geo
Nour;NNP;per
Ghad;NNP;geo
Lt.;NNP;per
Col.;NNP;per
O'Hara;NNP;per
Asadabad;NNP;per
Haridy;NNP;per
Pakistani;NNS;gpe
Bedouin;NNP;org
Participation;NNP;geo
Front;NNP;geo
Mohsen;NNP;per
Mirdamadi;NNP;per
Khyber;NNP;org
Pakhtoonkhaw;NNP;org
Mathew;NNP;per
Iteere;NNP;per
Democratic;NNP;per
Party;NNP;per
Almazbek;NNP;per
Atambayev;NNP;per
Bakiyev;NNP;geo
Shaul;NNP;per
Mofaz;NNP;per
Edward;NNP;org
Kennedy;NNP;org
Massachusetts;NNP;geo
Associates;NNP;org
Bahrain;NNP;geo
Absalon;NNP;per
Moussa;NNP;per
Manie;NNP;per
Clerq;NNP;per
Italians;NNS;gpe
Yakov;NNP;per
Chernikhov;NNP;per
Petersburg;NNP;geo
Jerusalem;NNP;org
Hadassah;NNP;org
Hospital;NNP;org
Brigadier;NNP;org
Abid;NNP;org
Aalam;NNP;per
Hayat;NNP;per
Saloumi;NNP;per
DRC;NNP;org
Laurent;NNP;org
Nkunda;NNP;org
Rutshuru;NNP;geo
Fiat;NNP;org
Opel;NNP;org
Luca;NNP;per
Cordero;NNP;per
Montezemolo;NNP;per
Corriere;NNP;org
Sera;NNP;org
Kamin;NNP;per
Cuba;NNP;org
NSA;NNP;org
Minority;NNP;org
Hayden;NNP;per
Kotkai;NNP;geo
Hakimullah;NNP;org
Mehsud;NNP;org
Bajur;NNP;geo
El~Arish;NNP;geo
Zahar;NNP;per
Traian;NNP;org
Basescu;NNP;org
Adrian;NNP;per
Nastase;NNP;per
Pro;NNP;per
Democratia;NNP;per
Hungarian;NN;gpe
Slovakia;NNP;geo
Katowice;NNP;geo
Nancy;NNP;org
Pelosi;NNP;org
Year;NNP;time
Eve;NNP;time
Election;NNP;org
Yushchenko;NNP;org
Eduard;NNP;per
Shevardnadze;NNP;per
Jannati;NNP;per
Students;NNP;org
Winter;NNP;event
Olympia;NNP;geo
Turin;NNP;org
Piazza;NNP;geo
Massaua;NNP;geo
Livio;NNP;per
Berruti;NNP;per
Palazzo;NNP;geo
Citta;NNP;geo
Togo;NNP;geo
Faure;NNP;per
Gnassingbe;NNP;per
Kissem;NNP;org
Tchangai-Walla;NNP;org
Eyadema;NNP;per
Lome;NNP;per
Emmanual;NNP;per
Akitani-Bob;NNP;per
Olympio;NNP;per
Townsend;NNP;per
Typhoon;NN;event
Hoping;NNP;geo
Karel;NNP;per
Schwarzenburg;NNP;per
Schwarzenburg;NNP;org
Choi;NNP;per
Youn-jin;NNP;per
Environmental;NNP;org
Protection;NNP;org
Earth;NNP;event
Zulima;NNP;per
Palacio;NNP;per
WikiLeaks;NNS;org
Beirut;NNP;org
Satterfield;NNP;per
Beruit;NNP;geo
Mars;NNP;geo
Phoenix;NNP;event
Mars;NNP;event
Odyssey;NNP;event
Baqubah;NNP;geo
Arctic;NNP;geo
Snow;NNP;org
Ice;NNP;org
Data;NNP;org
Boulder;NNP;geo
Jay;NNP;per
Zwally;NNP;per
Palace;NNP;geo
Kim;NNP;geo
Kompas;NNP;per
Iwan;NNP;per
Darmawan;NNP;per
Rois;NNP;per
Darmawan;NNP;org
Bali;NNP;time
Rehabilitation;NNP;org
Batticaloa;NNP;geo
Donetsk;NNP;geo
Vadym;NNP;org
Chuprun;NNP;org
Yanukovych;NNP;org
Turkey;NNP;gpe
Namik;NNP;per
Tan;NNP;per
Armenians;NNS;gpe
Ottoman;NNP;org
Empire;NNP;org
Turks;NNS;gpe
Francisco;NNP;geo
Franco;NNP;geo
Nargis;NNP;per
Chittagong;NNP;geo
Abdulla;NNP;per
Al-Shahin;NNP;per
Sidr;NNP;org
Wen;NNP;per
Jiabao;NNP;per
Pagonis;NNP;per
Habila;NNP;geo
Andres;NNP;geo
Bluefields;NNP;geo
Caribbean;JJ;geo
Beta;NNP;event
Pittsburgh;NNP;org
Steelers;NNPS;org
Jets;NNPS;org
Atlanta;NNP;org
Saint;NNP;org
Louis;NNP;org
San;NNP;org
Diego;NNP;org
Chargers;NNPS;org
Falcons;NNPS;org
Rams;NNP;org
Seattle;NNP;org
Seahawks;NNP;org
Rams;NNPS;org
Georgia;NNP;obj
Dome;NNP;obj
Super;NNP;org
Bowl;NNP;org
Patriots;NNPS;org
Indianapolis;NNP;org
Colts;NNP;org
Philadelphia;NNP;org
Eagles;NNPS;org
Minnesota;NNP;org
Kubis;NNP;per
OSCE;NNP;org
Lithuanian;JJ;gpe
Valdas;NNP;per
Adamkus;NNP;per
Tarija;NNP;geo
Hugo;NNP;geo
Chavez;NNP;geo
Evo;NNP;geo
Morales;NNPS;geo
Nestor;NNP;geo
Kirchner;NNP;geo
Alaska;NNP;geo
Kojo;NNP;org
Afari;NNP;org
Djan;NNP;org
Tain;NNP;geo
Brong;NNP;geo
Ahafo;NNP;geo
Patriotic;NNP;org
NPP;NNP;org
NDC;NNP;org
Marinellis;NNP;per
Wales;NNP;org
District;NNP;org
Scam;NNP;event
ConocoPhillips;NNS;org
Conoco;NNP;org
ExxonMobil;NNP;org
Chevron;NNP;per
Gela;NNP;per
Bezhuashvili;NNP;per
Massoud;NNP;per
Barzani;NNP;per
Study;NNP;org
Northern;NNP;geo
Provisional;NNP;org
CPA;NNP;org
Luxembourg-based;JJ;org
Court;NN;org
Instance;NNP;org
Brazilians;NNS;gpe
Guatemalan;JJ;gpe
Panabaj;NNP;geo
Stan;NNP;per
Christian;NNP;per
Democrats;NNPS;per
Schroeder;NNP;geo
Gere;NNP;per
Shilpa;NNP;per
Shetty;NNP;per
Dale;NNP;per
Bhagwagar;NNP;per
Kiev;NNP;org
Initiatives;NNP;org
Yucatan;NNP;geo
Wilma;NNP;event
Hurricane;NNP;org
Cozumel;NNP;geo
Civic;NNP;org
Anatol;NNP;per
Liabedzka;NNP;per
Anatoly;NNP;per
Krasovsky;NNP;per
Eight;NNP;org
Colin;NNP;per
Depression;NNP;org
Cold;NNP;org
Beerenberg;NNP;per
Bermuda;NNP;gpe
Hindu;NNP;org
Bengalis;NNS;gpe
HASINA;NNP;org
Wajed;NNP;org
Diyala;NNP;org
Nineva;NNP;org
Pushpa;NNP;per
Kamal;NNP;per
Dahal;NNP;per
Prachanda;NNP;geo
Dasain;NNP;geo
Najib;NNP;per
Mikati;NNP;per
Karami;NNP;per
Prabtibha;NNP;per
Patil;NNP;per
Fallujans;NNPS;org
Britons;NNS;gpe
Taji;NNP;geo
Adhamiya;NNP;geo
Najaf;NNP;geo
Hakim;NNP;per
Marines;NNS;per
Marines;NNPS;per
Kai;NNP;per
Eide;NNP;per
Lashkar;NNP;geo
Gah;NNP;geo
Gebran;NNP;per
Tueni;NNP;per
Martyrs;NNP;geo
Square;NNP;geo
Lebanon;NNP;org
Mattel;NNP;per
Consumer;NNP;org
Product;NNP;org
Safety;NNP;org
Fisher-Price;NNP;org
Cesme;NNP;geo
Izmir;NNP;geo
Ksusadasi;NNP;per
Arabian;NNP;geo
Abqaiq;NNP;org
Bassel;NNP;per
Fleihan;NNP;per
Leavitt;NNP;per
Chertoff;NNP;per
Labor;NNP;time
Party;NNP;time
Adolfo;NNP;per
Aguilar;NNP;per
Zinser;NNP;per
Morelos;NNP;geo
Vanuatu;NNP;geo
Tsunami;NNP;org
Warning;NNP;org
Hawaii;NNP;geo
Lugansville;NNP;geo
Espiritu;NNP;geo
Santo;NNP;geo
Downing;NNP;per
Street;NNP;per
Scottish;NNP;org
Lords;NNPS;org
Chandpur;NNP;geo
Myung-bak;NNP;per
Rome;NNP;per
Youth;NNP;time
Giorgio;NNP;per
Napolitano;NNP;per
Christ;NNP;geo
Darwin;NNP;geo
Uzbekistan;NNP;org
Beck;NNP;per
Tashkent;NNP;geo
Karimov;NNP;per
Andijan;NNP;geo
Jakarta;NNP;org
Plains;NNPS;geo
Orleans;NNP;gpe
Nagin;NNP;per
Anatolia;NNP;geo
Adana;NNP;geo
Jong-il;NNP;per
Konstantin;NNP;per
Pulikovsky;NNP;per
Pulikovsky;NNP;org
South;NNP;gpe
Africa;NNP;gpe
Michigan;NNP;time
Illinois;NNP;org
Qubad;NNP;per
Talabani;NNP;org
Amman;NNP;org
Sonata;NNP;per
Noordin;NNP;per
Top;NNP;per
Journalists;NNS;org
Joel;NNP;org
Simon;NNP;org
Whaling;NNP;org
Iceland;NNP;geo
IWC;NNP;org
Puteh;NNP;per
Nahrawan;NNP;geo
Taha;NNP;per
Yasin;NNP;per
Becher;NNP;per
Sa'eed;NNP;per
Ismael;NNP;per
Leumi;NNP;org
Shula;NNP;per
Zaken;NNP;per
Salvadoran;JJ;gpe
Flores;NNP;geo
Insulza;NNP;per
Ernesto;NNP;per
Derbez;NNP;per
Rican;JJ;gpe
Detlev;NNP;geo
Mehlis;NNP;geo
Mehlis;NNP;org
Hariri;NNP;geo
Syrians;NNS;gpe
Reyes;NNP;per
Wall;NNP;obj
Journal;NNP;obj
Abayi;NNP;org
Abia;NNP;geo
Nigerians;NNS;gpe
Ariane;NNP;obj
Kourou;NNP;geo
French;NNP;geo
Guiana;NNP;geo
Helios;NNP;obj
Parasol;NNP;org
Batumi;NNP;geo
Black;NNP;geo
Electric;NNP;org
GE;NNP;org
Michigan;NNP;org
Vatican;NNP;geo
Holy;NNP;org
See;NNP;org
Hiroshima;NNP;geo
Nagasaki;NNP;geo
Hedi;NNP;per
Yousseff;NNP;per
Boudhiba;NNP;per
Liverpool;NNP;time
Janet;NNP;per
Maariv;NNP;geo
Kano;NNP;org
Coretta;NNP;org
Scott;NNP;org
Jr.;NNP;per
Volodymyr;NNP;per
Lytvyn;NNP;per
Benazir;NNP;per
Bhutto;NNP;per
People;NNP;org
Nawaz;NNP;per
Sharif;NNP;per
Party;NNP;geo
Ulrich;NNP;per
Wilhelm;NNP;per
Granma;NNP;geo
Juventud;NNP;per
Rebelde;NNP;per
Woods;NNP;per
Phillip;NNP;per
Conjwayo;NNP;per
El~Tiempo;NNP;org
Mauricio;NNP;per
Zapata;NNP;per
Ireland;NNP;geo
Treasury;NNP;geo
Snow;NNP;per
Ashura;NNP;geo
Imam;NNP;time
Hussein;NNP;time
Kadhimiya;NNP;geo
Songhua;NNP;geo
Jilin;NNP;geo
Chinese;NNS;gpe
Arauca;NNP;geo
Julio;NNP;per
Enrique;NNP;per
Acosta;NNP;per
Bernal;NNP;per
Senators;NNP;org
Sununu;NNP;org
Biden;NNP;org
Tripura;NNP;geo
Dangabari;NNP;geo
Tripura;NNP;org
Maharashtra;NNP;geo
Wainganga;NNP;geo
Bhandara;NNP;geo
Tirin;NNP;geo
Kot;NNP;geo
Janan;NNP;per
Souray;NNP;geo
Mullah;NNP;org
Gul;NNP;org
Lashkargah;NNP;geo
Noor;NNP;per
Pham;NNP;per
Tai;NNP;per
Thu;NNP;per
Botanical;NNP;org
Garden;NNP;org
Ulsan;NNP;geo
Koreas;NNS;time
Sopranos;NNS;obj
Soprano;NNP;per
Satriale;NNP;per
Pork;NNP;obj
Store;NNP;obj
Manny;NNP;per
Costeira;NNP;per
Kearny;NNP;geo
Soprano;NNP;obj
Tony;NNP;org
Sopranos;NNP;obj
Tehran;NNP;time
Bushehr;NNP;geo
Mall;NNP;org
Economic;NNP;geo
Development;NNP;geo
Kommersant;NNP;obj
German;NNP;per
Gref;NNP;per
Rosneft;NNP;org
Yuganskneftegas;NNP;org
Judge;NNP;org
Pulwama;NNP;geo
French;NNP;org
Wazirstan;NNP;geo
Miran;NNP;geo
Shah;NNP;geo
Pai;NNP;geo
Khel;NNP;geo
Spin;NNP;org
Boldak;NNP;org
Kenya;NNP;per
Mwai;NNP;per
Kibaki;NNP;per
Rafah;NNP;geo
Okay;NNP;time
Airways;NNP;time
Nov.;NNP;time
Eagle;NNP;org
Spring;NNP;org
Aviation;NNP;org
Cayman;NNP;geo
Czechs;NNS;gpe
Slovaks;NNS;gpe
Czechoslovakia;NNP;geo
Sudeten;NNPS;org
Ruthenians;NNPS;org
Ukrainians;NNS;org
Third;NNP;org
Reich;NNP;org
Nazi;NNP;geo
Ruthenia;NNP;geo
Slovakia;NNP;gpe
NATO;NNP;geo
Thai;JJ;org
Siam;NNP;org
Power;NNP;org
PPP;NNP;org
ABHISIT;NNP;per
Wetchachiwa;NNP;per
THAKSIN;NNP;per
Against;NNP;org
Dictatorship;NNP;org
ASEAN;NNP;org
Pattaya;NNP;geo
UDD;NNP;org
Togo;NNP;org
Extended;NNP;org
Credit;NNP;org
Facility;NNP;org
HIPC;NNP;org
FDI;NNP;org
Baltic;JJ;time
Maastricht;NNP;org
DOMBROVSKIS;NNP;per
Igor;NNP;per
Valynkin;NNP;per
Mainichi;NNP;geo
Transparency;NNP;org
Hamilton;NNP;per
Carl;NNP;per
Levin;NNP;per
Dean;NNP;per
Organizing;NNP;org
Ethiopians;NNS;gpe
Falash;NNP;org
Mura;NNP;org
Christianity;NNP;geo
Law;NN;org
Return;NNP;org
Lehava;NNP;org
Katrina;NNP;event
Minerals;NNP;org
Tamil;NNP;per
Tiger;NNP;per
Muttur;NNP;org
Jon;NNP;per
Hanssen-Bauer;NNP;per
Hitler;NNP;geo
Abdel-Al;NNP;geo
Orthodox;NNP;per
Peshawar;NNP;time
Taiwanese;JJ;gpe
Pingtung;NNP;geo
Tariq;NNP;org
Azizuddin;NNP;org
Radio;NN;org
Ian;NNP;org
Blair;NNP;org
Menezes;NNP;per
Browne;NNP;per
Don;NNP;org
Masser;NNP;per
Irving;NNP;per
Burgie;NNP;per
Bobby;NNP;per
Weinstein;NNP;per
Teddy;NNP;per
Randazzo;NNP;per
Dylan;NNP;per
Elton;NNP;per
Uzbeks;NNS;gpe
Wana;NNP;geo
Congressman;NN;org
Lincoln;NNP;per
Diaz-Balart;NNP;per
Republican;NNP;org
Miami;NNP;obj
Herald;NNP;obj
Panjwayi;NNP;geo
Orenburg;NNP;geo
Captain;NNP;org
Beiring;NNP;org
Summer;NNPS;event
IOC;NNP;org
Olympics;NNP;geo
Roy;NNP;per
Hallams;NNP;per
Muammar;NNP;per
Gadhafi;NNP;per
Diamond;NNP;org
Divas;NNP;org
Antwerp;NNP;org
Hollywood;NNP;per
Nina-Maria;NNP;per
Potts;NNP;per
Susy;NNP;per
Tekunan;NNP;per
Bertel;NNP;per
Beckett;NNP;per
Civil;JJ;org
Angelina;NNP;per
Jolie;NNP;per
Pitt;NNP;per
Namibia;NNP;geo
Naankuse;NNP;org
Lodge;NNP;org
Sanctuary;NNP;org
Shiloh;NNP;per
Dalia;NNP;geo
Itzik;NNP;geo
Likud;NNP;org
Director-General;NNP;org
Jacques;NNP;org
Diouf;NNP;org
Kooyong;NNP;org
Classic;NNP;org
Henman;NNP;per
Idaho;NNP;geo
Vice;JJ;per
Taepodong-2;NNP;obj
Antarctica;NNP;geo
Nature;NNP;obj
Geoscience;NNP;obj
Antarctic;JJ;geo
Hudson;NNP;geo
Mountains;NNPS;geo
Gulfport;NNP;geo
Katrina;NNP;geo
Louisiana;NNP;org
Kathleen;NNP;per
Blanco;NNP;per
Sancha;NNP;geo
Changqi;NNP;geo
Cyprus;NNP;geo
Ankara;NNP;org
Neve;NNP;org
Dekalim;NNP;org
Front;NN;org
Mo;NNP;per
Mowlam;NNP;per
Good;JJ;time
Mowlam;NNP;org
Canterbury;NNP;geo
Northern;JJ;geo
Bertie;NNP;per
Ahern;NNP;per
Marines;NNP;org
Guardsmen;NNP;org
Harithiya;NNP;geo
Mashhad;NNP;geo
Nourollah;NNP;org
Rezai;NNP;org
Niaraki;NNP;org
Television;NN;org
Airtour;NNP;geo
Bandar;NNP;geo
Abbas;NNP;geo
Forces;NNS;org
Ballenas;NNP;geo
Ingrid;NNP;per
Betancourt;NNP;per
Aceh;NNP;time
Chancellor;NNP;org
Gerhard;NNP;org
Schroeder;NNP;org
Airbus;NNP;org
DeLay;NNP;org
Everest;NNP;geo
Kathmandu;NNP;org
Ayham;NNP;per
Mujaheddin;NNP;org
Sadr;NNP;org
Mahdi;NNP;org
Radhika;NNP;per
Coomaraswamy;NNP;per
Westminster;NNP;org
Cathedral;NNP;org
Archbishop;NNP;per
Cardinal;NNP;per
Cormac;NNP;per
Murphy-O'Connor;NNP;per
Care;NNP;org
Iraqi;NN;gpe
Delmas;NNP;geo
Challengerspace;NNP;time
Canaveral;NNP;geo
Challenger;NNP;org
Christa;NNP;per
McAuliffe;NNP;per
Byrd;NNP;org
Amendment;NNP;org
Administration;NN;org
WTO;JJ;org
Bild;NNP;org
Sonntag;NNP;org
Susanne;NNP;per
Osthoff;NNP;per
Der;NNP;org
Focus;NNP;org
Frank-Walter;NNP;per
Steinmeier;NNP;per
Secret;NNP;org
Ed;NNP;per
Donovan;NNP;per
Company;NN;org
Straw;NNP;geo
Blackburn;NNP;geo
Liverpool;NNP;geo
Siraj;NNP;per
Haqqani;NNP;per
Torkham;NNP;geo
Yoshinori;NNP;per
Ono;NNP;per
Archbishop;NN;org
Canterbury;NNP;org
Rowan;NNP;org
Williams;NNP;org
Yvelines;NNP;geo
Hauts-de-Seine;NNP;geo
Seine-Saint-Denis;NNP;geo
Val;NNP;geo
Oise;NNP;geo
Zheijiang;NNP;geo
Ningbo;NNP;geo
Avril;NNP;per
Lavigne;NNP;per
Los;NNP;obj
Angeles;NNP;obj
Times;NNP;obj
Derek;NNP;per
Whibley;NNP;per
Canadian;NN;gpe
Magazine;NNP;org
Best;NNP;obj
Damn;NNP;obj
Thing;NNP;obj
Militant;NNP;org
Haniyeh;NNP;geo
Haniyeh;NNP;org
Drafting;NNP;org
Noranit;NNP;org
Setabutr;NNP;org
Sigou;NNP;org
Coal;NNP;org
Mine;NNP;org
Gniljane;NNP;geo
Kosovo;NNP;org
Selim;NNP;per
Krasniqi;NNP;per
Prizren;NNP;geo
Transocean;NNP;org
Trident;NNP;org
Dallas;NNP;geo
Land;NNP;org
Indus;NNP;geo
Persians;NNS;gpe
Greeks;NNS;gpe
Scythians;NNS;gpe
Mughal;NNP;org
Bengalis;NNP;geo
Mumbai;NNP;time
MUSHARRAF;NNP;per
Asif;NNP;per
ZARDARI;NNP;per
Rica;NNP;org
Nicaraguans;NNS;gpe
CAFTA-DR;NNP;obj
Costa;JJ;org
Rican;JJ;org
CHINCHILLA;NNP;per
Mongols;NNS;gpe
Chinggis;NNP;per
KHAAN;NNP;per
Eurasian;JJ;gpe
Mongol;JJ;gpe
Mongolia;NNP;gpe
Mongolians;NNS;gpe
Inner;NNP;gpe
Autonomous;NNP;gpe
Region;NNP;gpe
People;NNP;gpe
Mongolian;JJ;gpe
MPRP;NNP;org
DUC;NNP;org
MPP;NNP;org
WAEMU;NNP;org
Highly;NNP;org
Indebted;NNP;org
Poor;NNP;org
Support;NNP;org
Initiative;NNP;org
Millennium;NNP;org
Challenge;NNP;org
Account;NNP;org
During;IN;time
From;IN;time
Ford;NN;geo
Islamists;NNPS;org
Islamists;NNS;org
Kutesa;NNP;per
Abizaid;NNP;org
NATO-Russia;NNP;org
Rood;NNP;per
Mohaqiq;NNP;per
Nasab;NNP;per
Haqooq-i-Zan;NNP;obj
Women;NNP;obj
Rights;NNP;obj
Sharia;NNP;geo
Societies;NNPS;org
Vujadin;NNP;per
Popovic;NNP;per
Srebrenica;NNP;org
Milan;NNP;per
Milutinovic;NNP;per
Sainovic;NNP;per
Dragoljub;NNP;org
Ojdanic;NNP;org
Lazarevic;NNP;org
A;DT;org
Daniele;NNP;per
Mastrogiacomo;NNP;per
La;NNP;per
Repubblica;NNP;per
Sultan;NNP;per
Caucasus;NNP;geo
Akhmad;NNP;per
Echeverria;NNP;per
Echeverria;NNP;geo
PBS;NNP;org
Tavis;NNP;per
Smiley;NNP;per
Adi;NNP;geo
Abeto;NNP;geo
Asmara;NNP;geo
Abdel;NNP;org
Qadir;NNP;org
Gilani;NNP;org
Sinak;NNP;geo
Filipinos;NNS;gpe
Undersecretary;NNP;org
Jose;NNP;org
Brillantes;NNP;org
Jean-Cyril;NNP;per
Spinetta;NNP;per
Karachi;NNP;per
Qazi;NNP;per
Imran;NNP;per
Del;NNP;per
Vechchio;NNP;per
Ethem;NNP;per
Erdagi;NNP;per
Back;NNP;org
Geographic;NNP;org
Crittercam;NNP;obj
Typhoon;NNP;org
Saola;NNP;org
Hachijo;NNP;geo
Meteorological;NNP;org
Nabi;NNP;org
Lahore;NNP;org
Habibur;NNP;per
Gaddafi;NNP;org
Kumar;NNP;org
Sangakkara;NNP;org
Thilan;NNP;org
Samaraweera;NNP;org
Tharanga;NNP;org
Paranavithana;NNP;org
Nevada;NNP;geo
Surayud;NNP;per
Chulanont;NNP;per
Eve;NNP;org
Sisli;NNP;geo
Coordination;NN;org
Humanitarian;NNP;org
Oxfam;NNP;org
Citgo;NNP;org
Agence;NNP;org
Presse;NNP;org
Jaime;NNP;per
Razuri;NNP;per
Zoo;NNP;geo
John;NNP;org
McCain;NNP;org
Senators;NNS;org
Swat;NNP;geo
Gordon;NNP;per
Farhatullah;NNP;per
Babar;NNP;per
Dongfeng;NNP;org
Motor;NNP;org
Minster;NNP;per
Kristin;NNP;per
Halvorsen;NNP;per
Norway;NNP;time
Pension;NNP;org
Fund-Global;NNP;org
Ernest;NNP;per
Leong;NNP;per
Kuala;NNP;geo
Lumpur;NNP;geo
Bangkok;NNP;per
Nangarhar;NNP;org
Kunar;NNP;org
Mandera;NNP;geo
Sweden;NNP;geo
Skelleftea;NNP;geo
Carli;NNP;per
Lloyd;NNP;per
Pia;NNP;geo
Sundhage;NNP;geo
Cups;NNP;time
Madrid;NNP;time
Olmo;NNP;per
Moroccans;NNS;gpe
American;NN;gpe
Canadians;NNS;gpe
Afghan;NN;gpe
Dayton;NNP;time
Peace;NNP;time
Accords;NNP;time
Yugoslavia;NNP;geo
Kazemeini;NNP;per
Boroujerdi;NNP;per
Falun;NNP;org
Gong;NNP;org
Acapulco;NNP;geo
Lagunas;NNP;geo
Chacahua;NNP;geo
Lazaro;NNP;geo
Cardenas;NNP;geo
Cabo;NNP;geo
Corrientes;NNP;geo
Guatemalans;NNS;gpe
Colom;NNP;per
Tabasco;NNP;geo
Chiapas;NNP;geo
Veracruz;NNP;geo
Catherine;NNP;per
Chanet;NNP;per
Ramzan;NNP;org
Mengal;NNP;org
Fahd;NNP;org
Salem;NNP;org
Liaoning;NNP;geo
Geneva;NNP;time
Animal;NNP;org
Ushakov;NNP;per
Ushakov;NNP;org
Shula;NNP;geo
Roh;NNP;per
Moo-hyun;NNP;per
Latvians;NNS;gpe
Switzerland;NNP;per
Group-B;NNP;geo
Hispanic;JJ;org
Steve;NNP;per
Mort;NNP;per
Moshe;NNP;per
Katsav;NNP;per
Labor;NNP;geo
Burundi;NNP;geo
AMISOM;NNP;org
Briton;NN;gpe
Righteousness;NNP;org
Brigade;NNP;org
U.N;NNP;org
Detlev;NNP;time
Mehlis;NNP;time
Forces;NNPS;org
Ahmadi;NNP;per
Khost;NNP;org
Farah;NNP;geo
RONCO;NNP;org
Shan;NNP;org
Royal;NNP;org
Highness;NNP;org
Prince;NNP;org
Surkhanpha;NNP;org
Brussels-based;JJ;org
Euro;NNP;org
Federated;NNP;org
Badakshan;NNP;geo
Kiriyenko;NNP;per
Blues;NNS;org
Royals;NNS;org
Regiment;NN;org
Falklands;NNP;time
Troop;NNP;org
Commander;NNP;org
Scimitar;NNP;org
Sandhurst;NNP;org
Military;NNP;org
Academy;NNP;org
G-20;NNP;org
Abbas;NNP;time
Ashkelon;NNP;geo
ISNA;NNP;geo
Zolfaghari;NNP;per
Warsaw;NNP;geo
Jerzy;NNP;org
Urban;NNP;org
NIE;NNP;org
Murray;NNP;per
Gilbert;NNP;per
Ramon;NNP;per
Delgado;NNP;per
Legg;NNP;event
Mason;NNP;event
Teimuraz;NNP;per
Gabashvili;NNP;per
Tursunov;NNP;per
Edgardo;NNP;per
Massa;NNP;per
Gremelmayr;NNP;per
Bjorn;NNP;per
Phau;NNP;per
Teesta;NNP;geo
Ganges;NNP;geo
Bajaur;NNP;geo
Damadola;NNP;geo
Ayman;NNP;geo
Khursheed;NNP;per
Kasuri;NNP;per
Cuzco;NNP;geo
Andean;NNP;org
Guyana;NNP;geo
Mswati;NNP;org
Swazi;NNP;org
Observer;NNP;org
Nhlanhla;NNP;per
Nhlabatsi;NNP;per
Mbabane;NNP;org
Sunnis;NNP;org
Valenzuela;NNP;per
Bethlehem;NNP;org
Yunus;NNP;per
Qanuni;NNP;per
Karzai;NNP;org
Tadjoura;NNP;geo
Nahr;NNP;geo
Tripoli;NNP;geo
Erez;NNP;org
Silvan;NNP;per
Shalom;NNP;per
Shalom;NNP;org
Rosemond;NNP;per
Pradel;NNP;per
Puerto;NNP;geo
Ordaz;NNP;geo
Director;NNP;org
Porter;NNP;org
Goss;NNP;org
Kostiw;NNP;per
Goss;NNP;geo
Husseindoust;NNP;per
Dabous;NNP;per
Yanbu;NNP;geo
Yanbu;NNP;org
Howlwadaag;NNP;org
Howlwadaag;NNP;geo
Hizbul;NNP;org
Weiner;NNP;per
Saudi;JJ;geo
Arabian;JJ;geo
Riyadh;NNP;geo
Franklin;NNP;per
Dalai;NNP;per
Lama;NNP;per
Tenzin;NNP;per
Taklha;NNP;per
Zurich;NNP;geo
Lausanne;NNP;geo
Martha;NNP;per
Karua;NNP;per
Anglo;NNP;org
Leasing;NNP;org
Goldenberg;NNP;org
Anti-Corruption;NNP;org
Chris;NNP;per
Murungaru;NNP;per
Fatah;NNP;per
Kendrick;NNP;per
Meek;NNP;per
Cong.;NN;org
Superhighway;NNP;org
Raffaele;NNP;per
Revolution;NN;org
Johanns;NNP;per
Johanns;NNP;geo
Patrick;NNP;per
Boyle;NNP;per
Meat;NNP;org
Tajik;JJ;gpe
Sughd;NNP;org
Uzbek;JJ;gpe
SSR;NNP;org
Dushanbe;NNP;geo
Khujand;NNP;geo
Rasht;NNP;geo
Partnership;NNP;org
Belize;NNP;geo
Venus;NNP;per
Hart;NNP;org
Nations-backed;NNP;org
Gonzalo;NNP;per
Gallegos;NNP;per
U.N.-African;NNP;geo
Janjaweed;NNP;org
Crown;NNP;per
Saudi;NNP;per
Countries;NNS;org
Sheldon;NNP;per
Corpus;NNP;geo
Christi;NNP;geo
Whittington;NNP;per
Katharine;NNP;per
Armstrong;NNP;per
Paige;NNP;per
Kollock;NNP;per
Senate;NNP;per
Majority;NNP;per
Leader;NNP;per
Frist;NNP;per
Delay;NNP;per
Nicaraguan;JJ;gpe
Ortega;NNP;per
Arnoldo;NNP;per
Aleman;NNP;per
Sandanista;NNP;geo
Bandung;NNP;geo
Typhoon;NNP;per
Damrey;NNP;per
Thanh;NNP;geo
Hoa;NNP;geo
Radio;NNP;geo
Laos;NNP;geo
Hainan;NNP;geo
Imam;NNP;geo
Roger;NNP;geo
Noriega;NNP;geo
Sudanese;NNS;gpe
Chadian;JJ;gpe
Osnabrueck;NNP;geo
Westland;NNP;org
Hallmark;NNP;org
Mad;NNP;org
Cow;NNP;org
USDA;NNP;org
Karachi;NNP;org
Stock;NNP;org
Vani;NNP;geo
Andaman;NNP;geo
Observatory;NNP;geo
Richter;NNP;geo
Karrada;NNP;org
Ellen;NNP;per
Johnson-Sirleaf;NNP;per
Weah;NNP;geo
Karradah;NNP;geo
Delhi;NNP;org
Sandra;NNP;org
O'Connor;NNP;time
Egypt;NNP;time
Avigdor;NNP;per
Lieberman;NNP;per
Capitol;NN;org
Brownback;NNP;per
Roe;NNP;per
Wade;NNP;per
Hatim;NNP;per
Sulaimaniyah;NNP;geo
Qadeer;NNP;org
Khan;NNP;org
Scottish;JJ;gpe
Basset;NNP;per
Pan;NNP;org
Am;NNP;org
Lockerbie;NNP;geo
Saydiyah;NNP;geo
Beckham;NNP;per
Real;NNP;per
Madrid;NNP;per
Soccer;NNP;org
Galaxy;NNP;org
MLS;NNP;org
Rose;NNP;org
Nabih;NNP;per
Berri;NNP;per
Aoun;NNP;per
Michel;NNP;org
Sulieman;NNP;org
Vera;NNP;per
Dushevina;NNP;per
Ivana;NNP;per
Lisjak;NNP;per
Gaz;NNP;event
France;NNP;event
Australian;JJ;event
Amelie;NNP;per
Mauresmo;NNP;per
Mary;NNP;per
Pierce;NNP;per
Patty;NNP;per
Schnyder;NNP;per
Virginie;NNP;per
Razzano;NNP;per
Kveta;NNP;per
Peschke;NNP;per
Dinara;NNP;per
Safina;NNP;per
Tsvetana;NNP;per
Pironkova;NNP;per
Lucie;NNP;per
Safarova;NNP;per
Sonia;NNP;per
Gandhi;NNP;per
Rae;NNP;org
Bareli;NNP;org
Rajiv;NNP;per
Michel;NNP;per
Wilma;NNP;per
Southern;NNP;geo
Jaffna;NNP;geo
Stem;NNP;org
Cell;NNP;org
Hub;NNP;org
Downer;NNP;per
Jemaah;NNP;org
Islamiyah;NNP;org
Birmingham;NNP;geo
America;NNP;gpe
Manhattan;NNP;geo
Nathan;NNP;per
Life;NNP;org
Chihuahua;NNP;geo
Kenya;NNP;org
Jaoko;NNP;per
US-based;JJ;org
Raila;NNP;org
Odinga;NNP;org
Light;NNP;org
Myanmar;NNP;org
Rangoon;NNP;org
Siti;NNP;per
Fadilah;NNP;per
Supari;NNP;per
Doi;NNP;geo
Talaeng;NNP;geo
Burma-Thailand;NNP;geo
Maaleh;NNP;geo
Nablus;NNP;org
Sheik;NNP;per
Yassin;NNP;per
Solar;NNP;org
Dynamics;NNP;org
Observatory;NNP;org
Anton;NNP;per
Drel;NNP;per
Platon;NNP;per
Lebedev;NNP;per
Kony;NNP;org
Sudan;JJ;geo
Jaber;NNP;per
Ramallah;NNP;per
Yasser;NNP;org
Arafat;NNP;org
WAFA;NNP;org
Imad;NNP;geo
Moustapha;NNP;geo
Geoff;NNP;per
Hoon;NNP;per
Ceyhan;NNP;geo
Oceanic;NNP;org
Atmospheric;NNP;org
Sayyaf;NNP;org
Tubigan;NNP;geo
Basilan;NNP;geo
Mindanao;NNP;geo
Henry;NNP;per
Ramos;NNP;per
Copei;NNP;org
Joko;NNP;per
Suyono;NNP;per
Indonesian;NN;gpe
Qais;NNP;org
Hashim;NNP;org
Shameri;NNP;org
Maale;NNP;org
Adumim;NNP;org
Wikileaks;NNP;org
Seche;NNP;per
Naji;NNP;per
Zap;NNP;geo
Mount;NNP;org
Ararat;NNP;org
Kapilvastu;NNP;geo
Kathmandu;NNP;geo
Barak;NNP;per
Mattei;NNP;per
Celso;NNP;per
Amorim;NNP;per
Bolivians;NNS;gpe
Paz;NNP;per
Morales;NNP;geo
Shannon;NNP;per
MONUC;NNP;org
Tibet;NNP;org
Lhasa;NNP;org
Stephanie;NNP;per
Ho;NNP;per
Madhoun;NNP;per
Fawzi;NNP;per
Kara;NNP;per
Jabalya;NNP;geo
Ashdod;NNP;geo
Brussels;NNP;org
Botswana;NNP;geo
Kumtor;NNP;geo
Commonwealth;NN;org
CIS;NNP;org
Soviet;NNP;org
BAKIEV;NNP;org
Bishkek;NNP;per
BAKIEV;NNP;per
Falkland;NNP;geo
Grytviken;NNP;geo
Famed;NNP;per
SHACKLETON;NNP;per
Antarctic;NNP;geo
Juno;NNP;per
Dome;NN;geo
Capitol;NNP;geo
Gonzales;NNP;per
Jesus;NNP;geo
Jesus;NNP;per
Easter;NNP;time
Catholics;NNPS;org
Week;NNP;org
Protestant;NNP;per
Bajura;NNP;geo
Accham;NNP;geo
Rural;NNP;org
Akhtar;NNP;per
Kohistani;NNP;per
Zia;NNP;per
Ahadi;NNP;per
Niamey;NNP;org
Zinder;NNP;geo
Marine;NN;geo
Herzegovina;NNP;geo
Unknown;JJ;org
Soldier;NN;org
Mikheil;NNP;per
Lech;NNP;per
Kaczynski;NNP;per
Walesa;NNP;per
Independence;NNP;time
Armistice;NNP;geo
One;CD;org
Prussia;NNP;geo
U.S;NNP;event
Clijsters;NNP;per
Nathalie;NNP;per
Dechy;NNP;per
FORTIS;NNS;event
Championships;NNS;event
Luxembourg;NNP;geo
Anna-Lena;NNP;per
Groenefeld;NNP;per
Stanford;NNP;geo
Khartoum;NNP;per
Adre;NNP;geo
Prince;NNP;geo
Charles;NNP;geo
Camilla;NNP;per
Duchess;NN;org
Cornwall;NNP;org
Ivo;NNP;geo
Karlovic;NNP;geo
Stella;NNP;org
Artois;NNP;org
Radek;NNP;per
Stepanek;NNP;per
Roddick;NNP;org
Johansson;NNP;per
ATP;NNP;org
Tour;NNP;org
Wimbledon;NNP;geo
Grand;NNP;geo
Slam;NNP;geo
Tulkarm;NNP;geo
Maclang;NNP;per
Julia;NNP;per
Campbell;NNP;per
Batad;NNP;geo
Banaue;NNP;geo
Ifugao;NNP;geo
Legaspi;NNP;geo
Starmagazine;NNP;org
Petra;NNP;geo
Marwan;NNP;per
Colin;NNP;org
Powell;NNP;org
Kibaki;NNP;org
Wachira;NNP;org
Waruru;NNP;org
Josef;NNP;per
Stalin;NNP;per
Kiev;NNP;per
Holodomor;NNP;geo
Organizing;NNP;geo
Lhasa;NNP;geo
Olympics;NNS;geo
Kiwis;NNS;gpe
Auckland;NNP;geo
Jamie;NNP;per
How;NNP;per
Ashraful;NNP;per
Eden;NNP;geo
Napier;NNP;time
Geneva;NNP;org
Conventions;NNS;org
Gulu;NNP;geo
Phil;NNP;geo
Spector;NNP;geo
County;NNP;org
Mark;NNP;per
Lilienfeld;NNP;per
Colt;NNP;org
Cobra;NNP;org
Gold;NNP;geo
WTA;NNP;org
Aussie;JJ;gpe
Martina;NNP;per
Hingis;NNP;per
Yuanshi;NNP;geo
Xianliang;NNP;per
Gedo;NNP;geo
Malawi;NNP;geo
Bingu;NNP;per
Mutharika;NNP;per
UDF;NNP;org
Bakili;NNP;per
Muluzi;NNP;per
Yuvraj;NNP;per
Sourav;NNP;org
Ganguly;NNP;org
Ganguly;NNP;geo
Yasir;NNP;per
Araft;NNP;per
Shihab;NNP;per
Committee;NN;org
Saca;NNP;per
Tsang;NNP;per
Tung;NNP;geo
Chee-hwa;NNP;geo
Ten;CD;time
Mamadou;NNP;per
Tandja;NNP;per
Lankan;JJ;gpe
Upali;NNP;org
Rajapakse;NNP;org
Tigers;NNP;geo
Hamad;NNP;per
Cologne;NNP;geo
Mohamad;NNP;per
Hajdib;NNP;per
Kiel;NNP;geo
Hamas;NNP;time
Yunis;NNP;geo
Benito;NNP;per
Mussolini;NNP;per
Milan;NNP;geo
Marco;NNP;per
Buechel;NNP;per
Liechtenstein;NNP;geo
Gardena;NNP;geo
Walchhofer;NNP;per
Erik;NNP;per
Guay;NNP;per
Aksel;NNP;org
Lund;NNP;org
Svindal;NNP;org
Kapisa;NNP;geo
Nahum;NNP;per
Minas;NNP;geo
Slobodan;NNP;org
Medic;NNP;org
Aleksandar;NNP;org
Branislav;NNP;org
Pera;NNP;per
Petrasevic;NNP;per
Aleksandar;NNP;per
Vukov;NNP;per
Slobodan;NNP;per
Milosevic;NNP;per
Csatia;NNP;geo
Metullah;NNP;geo
Teeple;NNP;per
Miranshah;NNP;geo
Phoenix;NNP;geo
Helmund;NNP;geo
Muqdadiyah;NNP;geo
Bayji;NNP;geo
Loveland;NNP;geo
Kingdom;NNP;geo
Commercial;NNP;org
Yevpatoria;NNP;geo
Bajram;NNP;per
Kosumi;NNP;per
Rhee;NNP;per
Bong-jo;NNP;per
Seoul;NNP;per
Colombo;NNP;org
Tigers;NNP;org
Ulf;NNP;per
Henricsson;NNP;per
Finance;NNP;org
Saqlawiyah;NNP;geo
Snoop;NNP;org
Dogg;NNP;org
Sean;NNP;org
Diddy;NNP;org
Combs;NNPS;org
Snoop;NNP;per
Dogg;NNP;per
Calvin;NNP;per
Broadus;NNP;per
Heathrow;NNP;obj
Nampo;NNP;geo
Cypriot;JJ;gpe
Hong;NNP;org
Kong;NNP;org
Hub;NNP;geo
Samad;NNP;per
Achakzai;NNP;per
Kojak;NNP;geo
Sulaiman;NNP;per
Pashtun;NNP;geo
Pashtoonkhwa;NNP;org
Milli;NNP;org
Kathmandu;NNP;per
Secretariat;NNP;org
Census;NNP;org
Angolan;JJ;gpe
Anglican;NNP;org
Archbishop;NNP;org
Desmond;NNP;org
Tutu;NNP;org
Abune;NNP;per
Paulos;NNP;per
Alpha;NNP;org
Oumar;NNP;org
Konare;NNP;org
Yonhap;NNP;org
SBS;NNP;org
North;JJ;org
Moore;NNP;per
Balaguer;NNP;per
Cannes;NNP;org
Security;NN;org
Indira;NNP;geo
Gandhi;NNP;geo
Yao;NNP;per
Ming;NNP;per
Anders;NNP;per
Fogh;NNP;per
Rasmussen;NNP;per
Halloween;NNP;geo
Algeria;NNP;geo
Abd-al-Nisr;NNP;org
Khantumani;NNP;org
